Days with AQI,Good Days,Moderate Days,Unhealthy for Sensitive Groups Days,Unhealthy Days,Very Unhealthy Days,Hazardous Days,Max AQI,90th Percentile AQI,Median AQI,Days CO,Days NO2,Days Ozone,Days PM2.5,Days PM10,,Percentage of Unhealthy Days,Percent of Healthy Days,Percentage of Moderately Healthy Days
241,174,67,0,0,0,0,87,56,42,0,0,91,150,0,,0,0.721991701,0.278008299
239,204,34,1,0,0,0,133,52,32,0,0,0,239,0,,0,0.853556485,0.146443515
243,191,52,0,0,0,0,93,55,42,0,0,156,87,0,,0,0.78600823,0.21399177
177,172,5,0,0,0,0,64,46,32,0,0,177,0,0,,0,0.971751412,0.028248588
241,153,88,0,0,0,0,87,58,45,0,0,72,169,0,,0,0.634854772,0.365145228
182,67,114,1,0,0,0,112,70,53,1,2,23,156,0,,0,0.368131868,0.631868132
19,19,0,0,0,0,0,36,34,23,0,0,0,19,0,,0,1,0
181,136,45,0,0,0,0,72,56,42,0,0,66,115,0,,0,0.751381215,0.248618785
241,168,73,0,0,0,0,80,55,43,0,0,74,167,0,,0,0.697095436,0.302904564
237,155,82,0,0,0,0,90,57,44,0,0,49,188,0,,0,0.654008439,0.345991561
243,197,46,0,0,0,0,71,54,42,0,0,89,154,0,,0,0.810699588,0.189300412
201,163,38,0,0,0,0,88,54,38,0,0,137,64,0,,0,0.810945274,0.189054726
182,174,8,0,0,0,0,80,47,33,0,0,182,0,0,,0,0.956043956,0.043956044
242,192,50,0,0,0,0,90,54,41,0,0,51,191,0,,0,0.79338843,0.20661157
243,186,57,0,0,0,0,93,54,41,0,0,74,169,0,,0,0.765432099,0.234567901
20,19,1,0,0,0,0,58,32,11,0,0,0,20,0,,0,0.95,0.05
182,147,34,1,0,0,0,110,61,24,4,0,0,70,108,,0,0.807692308,0.192307692
217,217,0,0,0,0,0,49,44,38,0,0,217,0,0,,0,1,0
182,112,60,6,4,0,0,190,87,42,1,0,77,104,0,,0.021978022,0.615384615,0.362637363
181,154,26,1,0,0,0,138,57,21,0,0,0,181,0,,0,0.850828729,0.149171271
20,20,0,0,0,0,0,14,13,8,0,0,0,20,0,,0,1,0
176,159,15,2,0,0,0,141,48,7,0,0,0,89,87,,0,0.903409091,0.096590909
19,19,0,0,0,0,0,27,19,7,0,0,0,19,0,,0,1,0
270,269,1,0,0,0,0,52,31,14,0,0,0,0,270,,0,0.996296296,0.003703704
273,179,90,2,1,0,1,328,77,46,0,0,190,0,83,,0.007326007,0.655677656,0.336996337
267,167,98,2,0,0,0,113,74,48,0,0,265,2,0,,0,0.625468165,0.374531835
273,142,116,14,1,0,0,196,93,50,0,0,230,0,43,,0.003663004,0.52014652,0.476190476
271,186,84,0,0,1,0,253,71,47,0,0,246,15,10,,0.003690037,0.686346863,0.3099631
304,50,219,29,4,1,1,366,101,71,0,0,190,37,77,,0.019736842,0.164473684,0.815789474
271,253,16,0,1,0,1,331,44,19,0,0,0,28,243,,0.007380074,0.933579336,0.05904059
273,272,1,0,0,0,0,53,24,12,0,0,0,8,265,,0,0.996336996,0.003663004
273,101,165,2,3,1,1,357,84,55,0,0,88,58,127,,0.018315018,0.36996337,0.611721612
268,66,178,20,0,0,4,1215,100,66,0,0,161,14,93,,0.014925373,0.246268657,0.73880597
272,173,97,1,1,0,0,187,64,45,0,0,0,225,47,,0.003676471,0.636029412,0.360294118
269,158,111,0,0,0,0,97,74,49,0,0,268,1,0,,0,0.587360595,0.412639405
273,146,120,6,0,1,0,211,73,49,0,0,161,44,68,,0.003663004,0.534798535,0.461538462
91,47,44,0,0,0,0,77,59,49,0,0,0,91,0,,0,0.516483516,0.483516484
91,49,42,0,0,0,0,68,58,49,0,0,0,91,0,,0,0.538461538,0.461538462
241,235,6,0,0,0,0,74,46,35,0,0,241,0,0,,0,0.975103734,0.024896266
273,218,54,1,0,0,0,112,58,41,0,0,219,54,0,,0,0.798534799,0.201465201
91,48,43,0,0,0,0,92,61,49,0,0,0,91,0,,0,0.527472527,0.472527473
91,60,31,0,0,0,0,79,59,44,0,0,0,91,0,,0,0.659340659,0.340659341
273,254,19,0,0,0,0,77,49,38,0,0,272,1,0,,0,0.93040293,0.06959707
271,220,50,1,0,0,0,119,58,40,0,0,213,58,0,,0,0.811808118,0.188191882
274,90,178,4,1,1,0,239,69,54,1,1,71,201,0,,0.00729927,0.328467153,0.664233577
91,40,51,0,0,0,0,70,62,52,0,0,0,91,0,,0,0.43956044,0.56043956
273,227,46,0,0,0,0,74,54,41,0,0,223,50,0,,0,0.831501832,0.168498168
211,179,32,0,0,0,0,97,58,40,0,0,211,0,0,,0,0.848341232,0.151658768
245,162,83,0,0,0,0,96,59,47,0,0,139,106,0,,0,0.66122449,0.33877551
207,153,54,0,0,0,0,100,62,43,0,0,162,44,1,,0,0.739130435,0.260869565
265,225,40,0,0,0,0,96,54,39,0,0,149,109,7,,0,0.849056604,0.150943396
179,145,34,0,0,0,0,70,54,33,0,0,0,179,0,,0,0.810055866,0.189944134
212,182,29,1,0,0,0,115,58,39,0,0,211,0,1,,0,0.858490566,0.141509434
304,122,157,24,1,0,0,157,100,54,0,0,214,84,6,,0.003289474,0.401315789,0.595394737
212,170,42,0,0,0,0,94,54,40,0,0,154,51,7,,0,0.801886792,0.198113208
303,252,51,0,0,0,0,75,54,36,0,0,87,206,10,,0,0.831683168,0.168316832
219,60,132,21,6,0,0,190,108,64,0,0,121,46,52,,0.02739726,0.273972603,0.698630137
273,111,151,8,3,0,0,163,84,54,0,0,150,111,12,,0.010989011,0.406593407,0.582417582
273,65,183,25,0,0,0,143,100,61,0,0,150,117,6,,0,0.238095238,0.761904762
181,72,106,3,0,0,0,105,85,53,0,0,90,88,3,,0,0.397790055,0.602209945
34,34,0,0,0,0,0,32,29,17,0,0,0,30,4,,0,1,0
274,30,155,59,29,1,0,201,151,77,1,3,172,87,11,,0.109489051,0.109489051,0.781021898
120,83,37,0,0,0,0,91,66,43,0,0,64,56,0,,0,0.691666667,0.308333333
20,20,0,0,0,0,0,32,29,21,0,0,0,20,0,,0,1,0
250,204,46,0,0,0,0,90,61,45,0,0,249,1,0,,0,0.816,0.184
90,58,32,0,0,0,0,78,68,43,0,0,43,47,0,,0,0.644444444,0.355555556
181,168,12,1,0,0,0,104,44,22,0,0,0,94,87,,0,0.928176796,0.071823204
182,140,42,0,0,0,0,62,55,40,1,0,90,84,7,,0,0.769230769,0.230769231
181,144,37,0,0,0,0,84,61,44,0,0,161,20,0,,0,0.79558011,0.20441989
274,122,143,8,1,0,0,159,77,52,1,8,114,149,2,,0.003649635,0.445255474,0.551094891
243,118,123,2,0,0,0,143,74,51,0,0,170,73,0,,0,0.485596708,0.514403292
195,103,88,4,0,0,0,111,82,46,0,0,0,195,0,,0,0.528205128,0.471794872
274,29,143,69,32,0,1,365,154,87,1,0,184,56,33,,0.120437956,0.105839416,0.773722628
224,132,89,3,0,0,0,122,71,48,1,0,129,94,0,,0,0.589285714,0.410714286
223,202,21,0,0,0,0,71,50,41,0,0,197,26,0,,0,0.905829596,0.094170404
274,34,137,61,38,4,0,207,164,90,1,1,201,62,9,,0.153284672,0.124087591,0.722627737
272,116,136,15,5,0,0,161,93,54,0,0,178,94,0,,0.018382353,0.426470588,0.555147059
182,120,62,0,0,0,0,93,67,44,0,0,77,105,0,,0,0.659340659,0.340659341
273,120,146,7,0,0,0,119,69,51,0,0,143,130,0,,0,0.43956044,0.56043956
181,54,126,0,1,0,0,186,63,54,0,0,21,156,4,,0.005524862,0.298342541,0.696132597
181,148,33,0,0,0,0,71,57,37,0,0,98,83,0,,0,0.817679558,0.182320442
232,197,35,0,0,0,0,100,54,44,0,0,203,21,8,,0,0.849137931,0.150862069
15,15,0,0,0,0,0,10,9,6,0,0,0,15,0,,0,1,0
268,265,3,0,0,0,0,61,42,34,0,0,268,0,0,,0,0.98880597,0.01119403
273,273,0,0,0,0,0,39,18,9,0,0,0,0,273,,0,1,0
249,170,78,1,0,0,0,101,71,45,1,0,182,64,2,,0,0.682730924,0.317269076
212,130,82,0,0,0,0,100,67,48,0,0,126,86,0,,0,0.613207547,0.386792453
212,171,41,0,0,0,0,90,54,36,0,0,97,109,6,,0,0.806603774,0.193396226
152,104,48,0,0,0,0,83,66,33,0,0,0,152,0,,0,0.684210526,0.315789474
232,69,133,30,0,0,0,140,105,59,0,0,138,93,1,,0,0.297413793,0.702586207
210,175,35,0,0,0,0,87,58,40,0,0,210,0,0,,0,0.833333333,0.166666667
273,144,121,8,0,0,0,131,71,50,0,0,160,107,6,,0,0.527472527,0.472527473
273,165,108,0,0,0,0,100,62,47,0,0,132,141,0,,0,0.604395604,0.395604396
273,137,135,1,0,0,0,112,74,50,0,18,163,70,22,,0,0.501831502,0.498168498
273,248,25,0,0,0,0,76,49,24,0,0,0,230,43,,0,0.908424908,0.091575092
273,129,142,2,0,0,0,101,71,51,0,0,240,33,0,,0,0.472527473,0.527472527
303,241,60,2,0,0,0,115,64,32,0,0,237,58,8,,0,0.795379538,0.204620462
273,139,131,3,0,0,0,119,76,50,0,0,202,70,1,,0,0.509157509,0.490842491
267,172,95,0,0,0,0,100,67,48,0,0,267,0,0,,0,0.644194757,0.355805243
117,103,13,1,0,0,0,103,55,28,0,0,0,97,20,,0,0.88034188,0.11965812
274,121,147,6,0,0,0,115,77,54,1,30,161,82,0,,0,0.441605839,0.558394161
273,158,108,7,0,0,0,122,74,49,0,0,237,36,0,,0,0.578754579,0.421245421
273,159,114,0,0,0,0,97,71,49,0,0,254,19,0,,0,0.582417582,0.417582418
270,246,24,0,0,0,0,77,49,25,0,0,0,206,64,,0,0.911111111,0.088888889
268,205,63,0,0,0,0,93,64,44,0,0,267,1,0,,0,0.764925373,0.235074627
270,185,84,1,0,0,0,101,71,48,0,0,270,0,0,,0,0.685185185,0.314814815
242,145,96,1,0,0,0,115,71,49,0,0,242,0,0,,0,0.599173554,0.400826446
17,17,0,0,0,0,0,8,8,3,0,0,0,17,0,,0,1,0
273,127,133,13,0,0,0,119,90,51,0,0,273,0,0,,0,0.465201465,0.534798535
304,162,140,2,0,0,0,112,77,50,0,0,294,10,0,,0,0.532894737,0.467105263
274,110,153,11,0,0,0,119,87,54,1,0,236,37,0,,0,0.401459854,0.598540146
273,184,89,0,0,0,0,90,64,47,0,0,224,49,0,,0,0.673992674,0.326007326
273,199,73,1,0,0,0,101,64,46,0,0,273,0,0,,0,0.728937729,0.271062271
273,250,22,0,1,0,0,154,45,21,0,0,0,234,39,,0.003663004,0.915750916,0.080586081
211,193,16,0,0,1,1,652,46,24,0,0,0,176,35,,0.009478673,0.914691943,0.075829384
273,179,93,1,0,0,0,101,67,48,0,0,228,44,1,,0,0.655677656,0.344322344
273,250,23,0,0,0,0,87,48,23,0,0,0,255,18,,0,0.915750916,0.084249084
20,20,0,0,0,0,0,13,9,4,0,0,0,20,0,,0,1,0
273,254,19,0,0,0,0,94,44,21,0,0,0,216,57,,0,0.93040293,0.06959707
274,117,151,6,0,0,0,119,84,52,1,1,194,78,0,,0,0.427007299,0.572992701
181,121,51,8,1,0,0,166,69,44,0,12,98,71,0,,0.005524862,0.668508287,0.325966851
181,121,56,3,1,0,0,164,68,44,0,4,120,57,0,,0.005524862,0.668508287,0.325966851
181,148,29,3,1,0,0,161,64,41,0,0,147,34,0,,0.005524862,0.817679558,0.17679558
122,95,25,1,1,0,0,151,77,42,0,0,122,0,0,,0.008196721,0.778688525,0.213114754
181,124,52,4,1,0,0,151,67,44,0,5,123,53,0,,0.005524862,0.685082873,0.309392265
181,143,34,4,0,0,0,136,59,40,0,0,101,80,0,,0,0.790055249,0.209944751
119,95,21,3,0,0,0,136,64,42,0,0,119,0,0,,0,0.798319328,0.201680672
241,219,21,1,0,0,0,108,50,37,0,0,241,0,0,,0,0.908713693,0.091286307
273,117,150,4,2,0,0,191,80,52,0,0,129,64,80,,0.007326007,0.428571429,0.564102564
181,127,51,3,0,0,0,122,64,44,0,0,118,63,0,,0,0.701657459,0.298342541
182,110,68,3,1,0,0,161,69,46,1,0,106,75,0,,0.005494505,0.604395604,0.39010989
181,144,36,1,0,0,0,105,58,43,0,0,135,46,0,,0,0.79558011,0.20441989
182,124,57,1,0,0,0,101,63,45,1,4,98,79,0,,0,0.681318681,0.318681319
272,245,27,0,0,0,0,69,50,37,0,0,127,145,0,,0,0.900735294,0.099264706
272,188,84,0,0,0,0,75,56,45,0,0,49,223,0,,0,0.691176471,0.308823529
269,163,106,0,0,0,0,92,58,46,0,0,65,204,0,,0,0.605947955,0.394052045
273,245,28,0,0,0,0,80,51,37,0,0,228,45,0,,0,0.897435897,0.102564103
239,173,66,0,0,0,0,93,58,43,0,60,70,109,0,,0,0.723849372,0.276150628
270,183,86,1,0,0,0,125,55,44,0,0,0,270,0,,0,0.677777778,0.322222222
273,184,89,0,0,0,0,71,58,43,0,0,87,186,0,,0,0.673992674,0.326007326
273,154,119,0,0,0,0,80,59,48,0,0,43,230,0,,0,0.564102564,0.435897436
182,74,104,4,0,0,0,136,64,52,1,2,45,134,0,,0,0.406593407,0.593406593
273,190,82,1,0,0,0,104,58,44,0,0,126,147,0,,0,0.695970696,0.304029304
272,265,7,0,0,0,0,77,46,34,0,0,272,0,0,,0,0.974264706,0.025735294
260,141,119,0,0,0,0,72,58,49,0,0,0,260,0,,0,0.542307692,0.457692308
265,247,18,0,0,0,0,80,49,34,0,0,265,0,0,,0,0.932075472,0.067924528
274,135,137,2,0,0,0,122,64,51,1,1,95,174,3,,0,0.49270073,0.50729927
273,160,113,0,0,0,0,79,58,48,0,0,47,226,0,,0,0.586080586,0.413919414
199,184,15,0,0,0,0,77,49,36,0,0,199,0,0,,0,0.924623116,0.075376884
268,250,17,1,0,0,0,112,49,35,0,0,268,0,0,,0,0.932835821,0.067164179
273,203,70,0,0,0,0,97,58,42,0,0,146,127,0,,0,0.743589744,0.256410256
181,95,85,1,0,0,0,140,61,50,0,0,32,149,0,,0,0.524861878,0.475138122
219,214,5,0,0,0,0,77,45,32,0,0,219,0,0,,0,0.97716895,0.02283105
181,155,26,0,0,0,0,97,54,38,0,0,181,0,0,,0,0.856353591,0.143646409
272,183,88,1,0,0,0,101,57,46,0,0,95,177,0,,0,0.672794118,0.327205882
273,208,65,0,0,0,0,74,57,41,0,0,111,162,0,,0,0.761904762,0.238095238
274,140,134,0,0,0,0,97,61,49,1,12,46,215,0,,0,0.510948905,0.489051095
273,253,20,0,0,0,0,84,49,37,0,0,252,0,21,,0,0.926739927,0.073260073
274,196,77,1,0,0,0,105,61,44,1,3,142,128,0,,0,0.715328467,0.284671533
273,225,47,1,0,0,0,105,54,41,0,0,155,118,0,,0,0.824175824,0.175824176
273,196,77,0,0,0,0,87,58,42,0,0,91,182,0,,0,0.717948718,0.282051282
273,250,22,1,0,0,0,115,49,37,0,0,273,0,0,,0,0.915750916,0.084249084
274,190,83,1,0,0,0,129,58,44,1,0,128,145,0,,0,0.693430657,0.306569343
268,253,15,0,0,0,0,100,47,34,0,0,268,0,0,,0,0.944029851,0.055970149
273,262,11,0,0,0,0,69,42,21,0,0,0,0,273,,0,0.95970696,0.04029304
273,182,91,0,0,0,0,80,58,45,0,0,116,157,0,,0,0.666666667,0.333333333
273,163,110,0,0,0,0,84,60,47,0,0,90,183,0,,0,0.597069597,0.402930403
272,227,45,0,0,0,0,97,54,40,0,0,187,85,0,,0,0.834558824,0.165441176
272,259,13,0,0,0,0,67,47,32,0,0,272,0,0,,0,0.952205882,0.047794118
273,214,59,0,0,0,0,90,55,42,0,0,142,131,0,,0,0.783882784,0.216117216
182,134,48,0,0,0,0,80,54,43,6,0,72,104,0,,0,0.736263736,0.263736264
271,134,136,1,0,0,0,119,64,51,0,0,39,232,0,,0,0.494464945,0.505535055
19,15,4,0,0,0,0,61,55,24,0,0,0,19,0,,0,0.789473684,0.210526316
273,182,91,0,0,0,0,90,59,44,0,0,77,196,0,,0,0.666666667,0.333333333
273,182,91,0,0,0,0,89,60,44,0,0,106,167,0,,0,0.666666667,0.333333333
81,43,38,0,0,0,0,74,59,49,0,0,0,81,0,,0,0.530864198,0.469135802
214,198,16,0,0,0,0,74,47,36,0,0,208,6,0,,0,0.925233645,0.074766355
243,168,75,0,0,0,0,78,61,44,0,0,0,243,0,,0,0.691358025,0.308641975
213,201,12,0,0,0,0,97,46,35,0,0,213,0,0,,0,0.943661972,0.056338028
272,168,104,0,0,0,0,90,61,46,2,17,81,172,0,,0,0.617647059,0.382352941
243,135,107,1,0,0,0,115,67,46,0,0,0,243,0,,0,0.555555556,0.444444444
98,80,18,0,0,0,0,97,64,40,0,0,98,0,0,,0,0.816326531,0.183673469
236,170,66,0,0,0,0,78,58,38,0,0,0,236,0,,0,0.720338983,0.279661017
274,153,117,4,0,0,0,129,64,49,1,12,109,152,0,,0,0.558394161,0.441605839
287,235,52,0,0,0,0,94,54,39,0,0,142,145,0,,0,0.818815331,0.181184669
273,176,97,0,0,0,0,84,61,45,0,0,119,154,0,,0,0.644688645,0.355311355
242,133,109,0,0,0,0,82,62,46,0,0,0,242,0,,0,0.549586777,0.450413223
269,201,68,0,0,0,0,74,58,41,0,0,127,142,0,,0,0.747211896,0.252788104
242,149,93,0,0,0,0,93,60,44,0,0,0,242,0,,0,0.615702479,0.384297521
243,126,117,0,0,0,0,88,63,49,0,0,0,243,0,,0,0.518518519,0.481481481
226,205,20,1,0,0,0,112,50,39,0,0,211,15,0,,0,0.907079646,0.092920354
272,162,105,3,2,0,0,166,65,46,0,0,66,206,0,,0.007352941,0.595588235,0.397058824
237,209,28,0,0,0,0,93,51,39,0,0,237,0,0,,0,0.88185654,0.11814346
273,144,128,1,0,0,0,130,67,49,0,0,60,213,0,,0,0.527472527,0.472527473
211,198,13,0,0,0,0,90,49,36,0,0,211,0,0,,0,0.938388626,0.061611374
243,134,106,1,2,0,0,181,65,46,0,0,0,243,0,,0.008230453,0.551440329,0.440329218
242,140,102,0,0,0,0,82,60,47,0,0,0,242,0,,0,0.578512397,0.421487603
201,163,38,0,0,0,0,78,58,30,0,0,0,201,0,,0,0.810945274,0.189054726
182,173,9,0,0,0,0,59,43,31,1,0,122,59,0,,0,0.950549451,0.049450549
181,174,7,0,0,0,0,69,37,22,0,0,0,181,0,,0,0.961325967,0.038674033
252,203,49,0,0,0,0,97,60,39,0,0,135,44,73,,0,0.805555556,0.194444444
304,278,25,1,0,0,0,111,47,31,0,0,84,57,163,,0,0.914473684,0.085526316
181,135,46,0,0,0,0,92,62,37,0,0,0,181,0,,0,0.745856354,0.254143646
166,165,1,0,0,0,0,56,33,22,0,0,0,166,0,,0,0.993975904,0.006024096
181,132,49,0,0,0,0,82,55,43,0,0,0,181,0,,0,0.729281768,0.270718232
181,129,52,0,0,0,0,74,56,41,0,0,0,178,3,,0,0.712707182,0.287292818
175,166,9,0,0,0,0,68,38,19,0,0,0,175,0,,0,0.948571429,0.051428571
222,194,28,0,0,0,0,77,54,44,0,0,222,0,0,,0,0.873873874,0.126126126
179,156,23,0,0,0,0,65,53,30,0,0,0,164,15,,0,0.87150838,0.12849162
20,20,0,0,0,0,0,13,9,3,0,0,0,20,0,,0,1,0
167,160,7,0,0,0,0,82,40,22,0,0,0,167,0,,0,0.958083832,0.041916168
243,194,49,0,0,0,0,84,56,39,0,0,155,88,0,,0,0.798353909,0.201646091
181,160,21,0,0,0,0,71,52,24,0,0,0,181,0,,0,0.883977901,0.116022099
155,154,1,0,0,0,0,52,40,24,0,0,0,155,0,,0,0.993548387,0.006451613
181,125,56,0,0,0,0,85,65,23,0,0,0,181,0,,0,0.690607735,0.309392265
181,152,29,0,0,0,0,89,54,29,0,0,0,181,0,,0,0.839779006,0.160220994
210,138,71,1,0,0,0,111,66,37,0,0,0,209,1,,0,0.657142857,0.342857143
181,176,4,1,0,0,0,105,38,24,0,0,0,181,0,,0,0.972375691,0.027624309
169,132,37,0,0,0,0,94,59,32,0,0,0,169,0,,0,0.781065089,0.218934911
213,201,12,0,0,0,0,71,49,38,0,0,213,0,0,,0,0.943661972,0.056338028
273,174,96,3,0,0,0,138,64,44,0,0,153,120,0,,0,0.637362637,0.362637363
267,246,21,0,0,0,0,87,49,36,0,0,267,0,0,,0,0.921348315,0.078651685
274,111,139,19,5,0,0,168,94,53,1,23,97,145,8,,0.018248175,0.405109489,0.576642336
273,167,100,5,1,0,0,158,76,44,0,0,105,168,0,,0.003663004,0.611721612,0.384615385
211,202,9,0,0,0,0,71,46,35,0,0,211,0,0,,0,0.957345972,0.042654028
269,179,90,0,0,0,0,98,62,43,0,0,127,142,0,,0,0.665427509,0.334572491
266,195,68,2,1,0,0,156,67,44,0,0,163,103,0,,0.003759398,0.733082707,0.263157895
228,215,13,0,0,0,0,87,47,35,0,0,228,0,0,,0,0.942982456,0.057017544
273,166,98,8,1,0,0,165,83,46,0,0,131,142,0,,0.003663004,0.608058608,0.388278388
200,167,30,3,0,0,0,108,67,40,0,0,200,0,0,,0,0.835,0.165
273,174,96,3,0,0,0,141,67,44,0,0,122,151,0,,0,0.637362637,0.362637363
272,247,24,1,0,0,0,105,49,37,0,63,209,0,0,,0,0.908088235,0.091911765
304,168,132,3,0,1,0,260,73,48,0,0,137,164,3,,0.003289474,0.552631579,0.444078947
272,180,80,11,1,0,0,165,79,43,0,0,154,118,0,,0.003676471,0.661764706,0.334558824
273,175,94,3,1,0,0,154,69,44,0,0,136,137,0,,0.003663004,0.641025641,0.355311355
270,156,110,2,2,0,0,154,67,47,0,0,107,163,0,,0.007407407,0.577777778,0.414814815
272,182,89,0,1,0,0,161,62,44,0,0,118,154,0,,0.003676471,0.669117647,0.327205882
273,184,87,0,2,0,0,167,64,41,0,0,110,163,0,,0.007326007,0.673992674,0.318681319
298,192,103,2,1,0,0,161,63,44,0,6,98,194,0,,0.003355705,0.644295302,0.352348993
273,193,77,3,0,0,0,142,61,42,0,0,131,142,0,,0,0.706959707,0.293040293
273,162,106,4,1,0,0,156,74,45,0,0,105,168,0,,0.003663004,0.593406593,0.402930403
263,178,79,5,1,0,0,169,71,41,0,0,123,140,0,,0.003802281,0.676806084,0.319391635
273,159,111,3,0,0,0,115,69,45,0,0,139,134,0,,0,0.582417582,0.417582418
273,189,84,0,0,0,0,97,62,44,0,0,155,118,0,,0,0.692307692,0.307692308
260,226,31,3,0,0,0,112,54,38,0,0,260,0,0,,0,0.869230769,0.130769231
272,257,15,0,0,0,0,77,47,37,0,0,272,0,0,,0,0.944852941,0.055147059
255,224,30,1,0,0,0,105,54,37,0,0,255,0,0,,0,0.878431373,0.121568627
273,163,107,3,0,0,0,133,60,46,0,0,104,169,0,,0,0.597069597,0.402930403
273,173,98,2,0,0,0,108,65,44,0,0,142,131,0,,0,0.633699634,0.366300366
271,182,89,0,0,0,0,88,58,39,0,0,0,271,0,,0,0.671586716,0.328413284
272,166,102,4,0,0,0,132,65,44,0,0,126,146,0,,0,0.610294118,0.389705882
299,191,103,5,0,0,0,126,61,46,0,0,143,156,0,,0,0.638795987,0.361204013
299,224,75,0,0,0,0,90,60,41,0,0,157,142,0,,0,0.74916388,0.25083612
272,159,108,5,0,0,0,118,64,47,0,0,124,148,0,,0,0.584558824,0.415441176
272,245,27,0,0,0,0,90,50,38,0,0,272,0,0,,0,0.900735294,0.099264706
253,174,79,0,0,0,0,95,60,38,0,0,0,253,0,,0,0.687747036,0.312252964
270,166,101,3,0,0,0,122,64,46,0,0,142,128,0,,0,0.614814815,0.385185185
231,215,16,0,0,0,0,93,49,38,0,0,231,0,0,,0,0.930735931,0.069264069
273,170,91,11,1,0,0,153,74,44,0,0,153,120,0,,0.003663004,0.622710623,0.373626374
273,106,152,11,3,1,0,219,85,53,0,0,68,200,5,,0.014652015,0.388278388,0.597069597
273,194,77,2,0,0,0,122,61,42,0,0,156,117,0,,0,0.710622711,0.289377289
305,132,169,2,2,0,0,170,69,53,1,0,63,240,1,,0.006557377,0.432786885,0.560655738
273,196,77,0,0,0,0,84,59,36,0,0,0,273,0,,0,0.717948718,0.282051282
229,207,22,0,0,0,0,84,50,38,0,0,229,0,0,,0,0.903930131,0.096069869
303,189,103,11,0,0,0,136,74,44,0,0,150,145,8,,0,0.623762376,0.376237624
246,216,29,1,0,0,0,105,54,39,0,0,246,0,0,,0,0.87804878,0.12195122
270,241,28,1,0,0,0,105,51,37,0,0,270,0,0,,0,0.892592593,0.107407407
273,177,96,0,0,0,0,88,59,42,0,0,0,273,0,,0,0.648351648,0.351648352
273,172,94,7,0,0,0,127,74,44,0,0,160,113,0,,0,0.63003663,0.36996337
259,183,76,0,0,0,0,95,58,39,0,0,0,259,0,,0,0.706563707,0.293436293
305,195,110,0,0,0,0,100,63,44,32,0,110,162,1,,0,0.639344262,0.360655738
300,186,113,1,0,0,0,108,65,45,0,0,118,182,0,,0,0.62,0.38
230,216,14,0,0,0,0,87,48,37,0,0,230,0,0,,0,0.939130435,0.060869565
273,228,45,0,0,0,0,97,58,40,0,0,273,0,0,,0,0.835164835,0.164835165
251,165,84,2,0,0,0,108,61,38,0,0,0,251,0,,0,0.657370518,0.342629482
304,172,130,1,1,0,0,158,64,48,0,0,0,304,0,,0.003289474,0.565789474,0.430921053
241,210,30,1,0,0,0,115,54,38,0,0,241,0,0,,0,0.871369295,0.128630705
304,182,119,2,1,0,0,166,71,45,0,0,138,166,0,,0.003289474,0.598684211,0.398026316
236,196,38,2,0,0,0,119,64,39,0,0,236,0,0,,0,0.830508475,0.169491525
304,216,84,3,1,0,0,159,62,36,0,0,0,304,0,,0.003289474,0.710526316,0.286184211
304,186,113,4,1,0,0,163,70,44,0,0,118,186,0,,0.003289474,0.611842105,0.384868421
304,209,94,1,0,0,0,133,63,43,0,0,133,171,0,,0,0.6875,0.3125
304,208,94,2,0,0,0,141,58,41,0,0,0,304,0,,0,0.684210526,0.315789474
304,211,84,9,0,0,0,134,74,42,0,0,149,155,0,,0,0.694078947,0.305921053
304,178,124,2,0,0,0,136,66,46,0,0,100,202,2,,0,0.585526316,0.414473684
90,64,26,0,0,0,0,87,58,41,0,0,0,90,0,,0,0.711111111,0.288888889
305,182,121,1,1,0,0,159,74,45,1,0,140,113,51,,0.003278689,0.596721311,0.4
303,184,117,2,0,0,0,129,61,46,0,0,93,210,0,,0,0.607260726,0.392739274
123,67,52,2,2,0,0,165,68,48,0,0,0,104,19,,0.016260163,0.544715447,0.43902439
265,214,48,3,0,0,0,122,61,39,0,0,213,52,0,,0,0.80754717,0.19245283
18,16,2,0,0,0,0,56,53,22,0,0,0,18,0,,0,0.888888889,0.111111111
162,147,14,1,0,0,0,101,50,41,0,0,162,0,0,,0,0.907407407,0.092592593
180,161,18,1,0,0,0,115,52,26,0,0,0,145,35,,0,0.894444444,0.105555556
181,130,50,0,1,0,0,188,60,43,0,0,103,76,2,,0.005524862,0.718232044,0.276243094
180,169,11,0,0,0,0,97,49,36,0,0,180,0,0,,0,0.938888889,0.061111111
181,133,46,1,0,0,1,315,58,43,0,0,104,72,5,,0.005524862,0.73480663,0.259668508
181,106,74,0,1,0,0,192,64,48,0,0,88,89,4,,0.005524862,0.585635359,0.408839779
181,116,62,2,0,1,0,238,67,44,0,0,102,75,4,,0.005524862,0.640883978,0.35359116
149,129,20,0,0,0,0,93,54,25,0,0,0,119,30,,0,0.865771812,0.134228188
181,122,56,2,0,0,1,370,63,43,0,0,38,129,14,,0.005524862,0.674033149,0.320441989
180,139,41,0,0,0,0,91,62,41,0,0,127,45,8,,0,0.772222222,0.227777778
168,106,59,2,0,1,0,240,67,44,0,6,83,73,6,,0.005952381,0.630952381,0.363095238
181,115,65,1,0,0,0,101,62,43,0,0,65,116,0,,0,0.635359116,0.364640884
122,116,6,0,0,0,0,74,49,38,0,0,122,0,0,,0,0.950819672,0.049180328
186,154,32,0,0,0,0,88,54,39,0,1,86,94,5,,0,0.827956989,0.172043011
110,102,8,0,0,0,0,71,49,39,0,0,110,0,0,,0,0.927272727,0.072727273
191,150,41,0,0,0,0,77,55,39,0,1,81,109,0,,0,0.785340314,0.214659686
186,167,19,0,0,0,0,82,51,36,0,0,91,90,5,,0,0.897849462,0.102150538
180,141,39,0,0,0,0,75,55,41,0,0,74,106,0,,0,0.783333333,0.216666667
181,127,54,0,0,0,0,82,59,42,0,0,67,114,0,,0,0.701657459,0.298342541
214,200,14,0,0,0,0,77,49,38,0,0,209,5,0,,0,0.934579439,0.065420561
186,140,46,0,0,0,0,76,56,40,0,3,78,99,6,,0,0.752688172,0.247311828
122,116,6,0,0,0,0,67,49,37,0,0,122,0,0,,0,0.950819672,0.049180328
122,101,21,0,0,0,0,71,58,44,0,0,122,0,0,,0,0.827868852,0.172131148
127,92,35,0,0,0,0,73,56,44,0,0,75,52,0,,0,0.724409449,0.275590551
182,106,75,1,0,0,0,129,63,48,1,2,74,105,0,,0,0.582417582,0.417582418
179,141,38,0,0,0,0,72,56,41,0,0,87,92,0,,0,0.787709497,0.212290503
106,101,5,0,0,0,0,67,49,40,0,0,106,0,0,,0,0.952830189,0.047169811
181,148,33,0,0,0,0,82,54,39,0,6,74,101,0,,0,0.817679558,0.182320442
237,229,8,0,0,0,0,77,47,35,0,0,237,0,0,,0,0.966244726,0.033755274
122,116,5,1,0,0,0,105,48,39,0,0,122,0,0,,0,0.950819672,0.049180328
181,153,27,0,1,0,0,172,54,38,0,0,84,97,0,,0.005524862,0.845303867,0.149171271
181,157,24,0,0,0,0,77,52,36,0,0,81,100,0,,0,0.867403315,0.132596685
181,152,29,0,0,0,0,73,55,41,0,0,87,94,0,,0,0.839779006,0.160220994
121,112,9,0,0,0,0,74,50,39,0,0,121,0,0,,0,0.925619835,0.074380165
181,147,34,0,0,0,0,73,53,37,0,0,78,103,0,,0,0.812154696,0.187845304
238,220,18,0,0,0,0,84,49,38,0,0,238,0,0,,0,0.924369748,0.075630252
272,256,15,1,0,0,0,108,48,33,0,5,267,0,0,,0,0.941176471,0.058823529
273,236,36,1,0,0,0,101,54,40,0,0,209,58,6,,0,0.864468864,0.135531136
268,226,42,0,0,0,0,80,54,38,0,0,229,39,0,,0,0.843283582,0.156716418
273,168,103,2,0,0,0,108,61,47,0,0,97,176,0,,0,0.615384615,0.384615385
274,135,138,1,0,0,0,115,63,51,1,0,88,184,1,,0,0.49270073,0.50729927
273,214,58,1,0,0,0,105,61,41,0,0,242,31,0,,0,0.783882784,0.216117216
273,160,112,1,0,0,0,101,64,48,0,1,119,153,0,,0,0.586080586,0.413919414
270,166,104,0,0,0,0,79,61,47,0,0,93,177,0,,0,0.614814815,0.385185185
273,169,104,0,0,0,0,77,58,46,0,0,67,206,0,,0,0.619047619,0.380952381
271,168,103,0,0,0,0,84,59,45,0,2,106,163,0,,0,0.619926199,0.380073801
274,182,92,0,0,0,0,71,56,44,1,15,0,256,2,,0,0.664233577,0.335766423
272,166,106,0,0,0,0,71,58,46,0,0,93,179,0,,0,0.610294118,0.389705882
273,253,20,0,0,0,0,93,49,35,0,0,273,0,0,,0,0.926739927,0.073260073
57,45,12,0,0,0,0,67,53,35,0,0,0,57,0,,0,0.789473684,0.210526316
273,190,83,0,0,0,0,93,59,45,0,0,142,131,0,,0,0.695970696,0.304029304
267,247,20,0,0,0,0,84,49,34,0,0,267,0,0,,0,0.925093633,0.074906367
273,251,22,0,0,0,0,87,49,35,0,0,273,0,0,,0,0.919413919,0.080586081
271,249,22,0,0,0,0,77,50,36,0,0,271,0,0,,0,0.918819188,0.081180812
271,230,40,1,0,0,0,105,58,38,0,0,271,0,0,,0,0.848708487,0.151291513
62,51,11,0,0,0,0,63,53,38,0,0,0,62,0,,0,0.822580645,0.177419355
61,47,14,0,0,0,0,66,57,39,0,0,0,61,0,,0,0.770491803,0.229508197
273,138,134,1,0,0,0,112,61,50,0,0,64,209,0,,0,0.505494505,0.494505495
304,260,42,2,0,0,0,112,55,35,0,0,176,123,5,,0,0.855263158,0.144736842
182,153,27,2,0,0,0,131,53,36,1,0,100,72,9,,0,0.840659341,0.159340659
304,225,74,5,0,0,0,136,63,39,0,0,169,128,7,,0,0.740131579,0.259868421
304,271,29,4,0,0,0,133,51,37,0,0,274,30,0,,0,0.891447368,0.108552632
304,254,50,0,0,0,0,96,56,36,0,0,176,128,0,,0,0.835526316,0.164473684
301,293,8,0,0,0,0,77,44,34,0,0,301,0,0,,0,0.973421927,0.026578073
304,225,76,3,0,0,0,135,61,39,0,0,105,199,0,,0,0.740131579,0.259868421
303,261,40,2,0,0,0,115,57,34,0,0,200,99,4,,0,0.861386139,0.138613861
217,207,9,1,0,0,0,108,47,35,0,0,217,0,0,,0,0.953917051,0.046082949
286,257,29,0,0,0,0,100,51,36,0,0,242,44,0,,0,0.898601399,0.101398601
304,292,9,2,1,0,0,169,46,36,0,0,304,0,0,,0.003289474,0.960526316,0.036184211
249,217,30,2,0,0,0,119,58,40,0,0,238,0,11,,0,0.871485944,0.128514056
304,214,87,3,0,0,0,129,65,44,0,0,212,92,0,,0,0.703947368,0.296052632
303,208,93,2,0,0,0,136,64,44,0,1,179,123,0,,0,0.686468647,0.313531353
240,227,13,0,0,0,0,77,48,38,0,0,240,0,0,,0,0.945833333,0.054166667
238,215,23,0,0,0,0,90,50,38,0,0,238,0,0,,0,0.903361345,0.096638655
304,246,56,2,0,0,0,129,61,41,0,0,210,94,0,,0,0.809210526,0.190789474
236,218,18,0,0,0,0,97,49,38,0,0,236,0,0,,0,0.923728814,0.076271186
302,255,47,0,0,0,0,84,52,40,0,0,241,61,0,,0,0.844370861,0.155629139
237,203,34,0,0,0,0,93,58,41,0,0,237,0,0,,0,0.856540084,0.143459916
303,256,47,0,0,0,0,80,55,41,0,1,214,88,0,,0,0.844884488,0.155115512
303,226,74,3,0,0,0,143,61,43,0,0,205,98,0,,0,0.745874587,0.254125413
274,211,63,0,0,0,0,78,54,36,3,31,0,240,0,,0,0.770072993,0.229927007
299,249,49,1,0,0,0,129,57,40,0,0,206,93,0,,0,0.83277592,0.16722408
303,253,50,0,0,0,0,90,54,41,0,0,203,100,0,,0,0.834983498,0.165016502
304,254,47,3,0,0,0,126,61,41,0,0,254,50,0,,0,0.835526316,0.164473684
304,235,69,0,0,0,0,90,59,42,0,0,197,107,0,,0,0.773026316,0.226973684
241,223,15,3,0,0,0,129,48,38,0,0,241,0,0,,0,0.925311203,0.074688797
243,174,65,4,0,0,0,124,63,41,0,1,157,85,0,,0,0.716049383,0.283950617
243,189,51,3,0,0,0,119,61,41,0,0,195,48,0,,0,0.777777778,0.222222222
210,200,8,1,1,0,0,151,46,37,0,0,206,4,0,,0.004761905,0.952380952,0.042857143
243,187,53,3,0,0,0,136,58,42,0,0,181,62,0,,0,0.769547325,0.230452675
243,177,63,3,0,0,0,114,64,40,0,0,144,99,0,,0,0.728395062,0.271604938
248,179,64,5,0,0,0,124,64,41,0,7,155,86,0,,0,0.721774194,0.278225806
243,197,42,4,0,0,0,117,57,39,0,0,182,60,1,,0,0.810699588,0.189300412
243,186,56,1,0,0,0,105,58,41,0,1,152,90,0,,0,0.765432099,0.234567901
243,193,48,2,0,0,0,126,62,43,0,0,197,46,0,,0,0.794238683,0.205761317
243,195,47,1,0,0,0,108,58,40,0,0,174,69,0,,0,0.802469136,0.197530864
253,183,68,2,0,0,0,106,62,39,0,9,105,138,1,,0,0.723320158,0.276679842
244,183,61,0,0,0,0,100,62,42,1,0,176,66,1,,0,0.75,0.25
302,215,76,10,1,0,0,151,74,43,0,0,214,88,0,,0.003311258,0.71192053,0.284768212
181,130,51,0,0,0,0,99,58,38,0,0,0,181,0,,0,0.718232044,0.281767956
214,195,19,0,0,0,0,80,50,35,0,0,214,0,0,,0,0.911214953,0.088785047
262,212,47,3,0,0,0,147,67,41,0,0,262,0,0,,0,0.809160305,0.190839695
224,191,31,2,0,0,0,115,61,40,0,0,224,0,0,,0,0.852678571,0.147321429
204,184,19,1,0,0,0,119,50,39,0,0,204,0,0,,0,0.901960784,0.098039216
303,252,48,3,0,0,0,126,57,38,0,0,220,83,0,,0,0.831683168,0.168316832
212,190,20,2,0,0,0,108,51,38,0,0,212,0,0,,0,0.896226415,0.103773585
304,252,49,3,0,0,0,123,56,37,0,1,223,78,2,,0,0.828947368,0.171052632
304,225,75,4,0,0,0,133,64,40,0,0,183,121,0,,0,0.740131579,0.259868421
304,182,118,4,0,0,0,138,67,46,0,2,154,147,1,,0,0.598684211,0.401315789
19,19,0,0,0,0,0,27,16,7,0,0,0,19,0,,0,1,0
304,235,65,4,0,0,0,147,61,41,0,0,188,116,0,,0,0.773026316,0.226973684
303,224,73,5,1,0,0,166,67,41,0,0,218,85,0,,0.00330033,0.739273927,0.257425743
304,257,46,0,1,0,0,152,55,34,0,0,193,111,0,,0.003289474,0.845394737,0.151315789
123,107,15,0,1,0,0,183,56,18,0,0,0,123,0,,0.008130081,0.869918699,0.12195122
213,190,23,0,0,0,0,87,51,36,0,0,213,0,0,,0,0.892018779,0.107981221
293,266,27,0,0,0,0,92,49,36,0,1,247,45,0,,0,0.907849829,0.092150171
243,203,38,2,0,0,0,140,61,39,0,0,243,0,0,,0,0.835390947,0.164609053
304,228,70,5,1,0,0,166,66,41,0,0,209,95,0,,0.003289474,0.75,0.246710526
302,235,63,4,0,0,0,139,67,40,0,0,189,110,3,,0,0.778145695,0.221854305
303,271,31,1,0,0,0,115,54,32,0,0,201,102,0,,0,0.894389439,0.105610561
303,225,72,6,0,0,0,147,67,39,0,0,214,89,0,,0,0.742574257,0.257425743
239,217,21,1,0,0,0,112,50,37,0,0,239,0,0,,0,0.907949791,0.092050209
296,225,65,5,1,0,0,152,67,41,0,0,240,56,0,,0.003378378,0.760135135,0.236486486
304,141,153,7,3,0,0,156,72,52,0,3,108,192,1,,0.009868421,0.463815789,0.526315789
242,224,18,0,0,0,0,93,49,38,0,0,242,0,0,,0,0.925619835,0.074380165
179,147,31,0,1,0,0,155,60,38,0,4,141,34,0,,0.005586592,0.82122905,0.173184358
131,111,19,1,0,0,0,133,67,38,0,0,109,22,0,,0,0.847328244,0.152671756
169,150,15,4,0,0,0,108,51,37,0,0,108,61,0,,0,0.887573964,0.112426036
173,143,30,0,0,0,0,100,61,38,0,0,112,61,0,,0,0.826589595,0.173410405
169,157,12,0,0,0,0,93,47,35,0,0,116,53,0,,0,0.928994083,0.071005917
90,85,5,0,0,0,0,55,42,22,0,0,0,90,0,,0,0.944444444,0.055555556
86,86,0,0,0,0,0,49,22,12,0,0,0,86,0,,0,1,0
179,155,23,1,0,0,0,105,59,38,0,0,117,62,0,,0,0.865921788,0.134078212
182,170,12,0,0,0,0,68,41,9,92,12,0,78,0,,0,0.934065934,0.065934066
121,102,19,0,0,0,0,97,67,41,0,0,121,0,0,,0,0.842975207,0.157024793
182,142,39,0,1,0,0,155,64,39,1,8,85,88,0,,0.005494505,0.78021978,0.214285714
162,155,4,3,0,0,0,129,46,34,0,0,98,64,0,,0,0.956790123,0.043209877
181,153,27,1,0,0,0,140,61,37,0,0,117,61,3,,0,0.845303867,0.154696133
119,109,10,0,0,0,0,97,50,35,0,0,119,0,0,,0,0.915966387,0.084033613
160,133,27,0,0,0,0,100,58,36,0,0,113,47,0,,0,0.83125,0.16875
121,92,28,0,1,0,0,155,56,31,0,0,0,114,7,,0.008264463,0.760330579,0.231404959
223,202,20,1,0,0,0,108,50,38,0,0,201,22,0,,0,0.905829596,0.094170404
170,148,22,0,0,0,0,84,55,36,0,0,105,65,0,,0,0.870588235,0.129411765
172,148,23,1,0,0,0,108,58,36,0,0,118,54,0,,0,0.860465116,0.139534884
121,110,11,0,0,0,0,84,49,37,0,0,121,0,0,,0,0.909090909,0.090909091
17,16,1,0,0,0,0,57,49,19,0,0,0,17,0,,0,0.941176471,0.058823529
157,131,25,1,0,0,0,101,58,39,0,0,112,45,0,,0,0.834394904,0.165605096
269,189,80,0,0,0,0,88,59,44,0,0,96,173,0,,0,0.70260223,0.29739777
273,183,89,1,0,0,0,143,61,44,0,0,102,171,0,,0,0.67032967,0.32967033
271,169,102,0,0,0,0,97,59,46,0,0,0,271,0,,0,0.623616236,0.376383764
273,185,88,0,0,0,0,84,60,44,0,0,103,170,0,,0,0.677655678,0.322344322
273,176,97,0,0,0,0,97,64,45,0,0,104,169,0,,0,0.644688645,0.355311355
274,119,155,0,0,0,0,84,63,52,1,0,59,214,0,,0,0.434306569,0.565693431
273,178,95,0,0,0,0,93,61,46,0,0,110,163,0,,0,0.652014652,0.347985348
210,199,11,0,0,0,0,93,48,35,0,0,210,0,0,,0,0.947619048,0.052380952
211,200,11,0,0,0,0,64,48,38,0,0,211,0,0,,0,0.947867299,0.052132701
232,223,9,0,0,0,0,80,45,33,0,0,232,0,0,,0,0.961206897,0.038793103
89,75,14,0,0,0,0,84,64,42,0,0,89,0,0,,0,0.842696629,0.157303371
92,82,10,0,0,0,0,67,51,41,0,0,92,0,0,,0,0.891304348,0.108695652
148,95,52,0,0,1,0,256,61,39,0,0,0,127,21,,0.006756757,0.641891892,0.351351351
104,89,15,0,0,0,0,74,54,42,0,0,104,0,0,,0,0.855769231,0.144230769
146,120,26,0,0,0,0,77,58,41,0,0,78,68,0,,0,0.821917808,0.178082192
148,121,27,0,0,0,0,98,54,40,0,0,71,77,0,,0,0.817567568,0.182432432
146,117,28,1,0,0,0,128,61,42,0,0,86,60,0,,0,0.801369863,0.198630137
91,77,14,0,0,0,0,74,61,43,0,0,91,0,0,,0,0.846153846,0.153846154
147,105,40,1,1,0,0,160,61,44,0,0,62,82,3,,0.006802721,0.714285714,0.278911565
151,91,59,0,0,1,0,293,61,43,3,23,0,96,29,,0.006622517,0.602649007,0.390728477
148,116,30,1,1,0,0,162,66,42,0,0,75,0,73,,0.006756757,0.783783784,0.209459459
148,117,31,0,0,0,0,77,56,40,0,0,55,89,4,,0,0.790540541,0.209459459
91,80,11,0,0,0,0,90,54,42,0,0,91,0,0,,0,0.879120879,0.120879121
148,133,15,0,0,0,0,97,51,37,0,0,143,0,5,,0,0.898648649,0.101351351
99,94,5,0,0,0,0,61,48,40,0,0,99,0,0,,0,0.949494949,0.050505051
92,75,17,0,0,0,0,84,58,43,0,0,92,0,0,,0,0.815217391,0.184782609
148,131,17,0,0,0,0,93,51,39,0,40,96,12,0,,0,0.885135135,0.114864865
99,93,6,0,0,0,0,71,49,42,0,0,99,0,0,,0,0.939393939,0.060606061
151,72,77,0,0,0,2,738,68,51,1,3,33,99,15,,0.013245033,0.476821192,0.509933775
12,12,0,0,0,0,0,43,40,21,0,0,0,12,0,,0,1,0
17,17,0,0,0,0,0,41,40,26,0,0,0,17,0,,0,1,0
175,175,0,0,0,0,0,48,23,12,0,0,0,175,0,,0,1,0
181,165,16,0,0,0,0,95,49,39,0,1,152,28,0,,0,0.91160221,0.08839779
181,172,8,0,1,0,0,162,30,14,0,0,0,181,0,,0.005524862,0.950276243,0.044198895
180,166,14,0,0,0,0,87,49,44,0,0,168,12,0,,0,0.922222222,0.077777778
223,183,40,0,0,0,0,80,59,40,0,0,157,59,7,,0,0.820627803,0.179372197
226,224,2,0,0,0,0,62,25,14,3,43,0,180,0,,0,0.991150442,0.008849558
167,161,5,1,0,0,0,117,36,22,0,0,0,167,0,,0,0.964071856,0.035928144
149,141,7,0,1,0,0,157,34,13,0,0,0,149,0,,0.006711409,0.946308725,0.046979866
20,20,0,0,0,0,0,9,9,4,0,0,0,20,0,,0,1,0
182,119,63,0,0,0,0,93,69,45,1,0,101,80,0,,0,0.653846154,0.346153846
176,96,80,0,0,0,0,92,67,45,0,0,0,176,0,,0,0.545454545,0.454545455
181,151,30,0,0,0,0,82,56,38,0,0,103,78,0,,0,0.834254144,0.165745856
171,161,8,1,1,0,0,168,41,18,0,0,0,171,0,,0.005847953,0.941520468,0.052631579
17,17,0,0,0,0,0,21,20,6,0,0,0,17,0,,0,1,0
174,142,32,0,0,0,0,80,56,19,0,0,0,174,0,,0,0.816091954,0.183908046
181,157,21,2,1,0,0,165,53,39,0,0,139,42,0,,0.005524862,0.867403315,0.127071823
17,17,0,0,0,0,0,38,31,9,0,0,0,17,0,,0,1,0
18,18,0,0,0,0,0,21,17,4,0,0,0,18,0,,0,1,0
181,181,0,0,0,0,0,31,21,15,0,0,0,0,181,,0,1,0
19,19,0,0,0,0,0,31,30,13,0,0,0,19,0,,0,1,0
181,150,31,0,0,0,0,77,54,27,0,0,0,173,8,,0,0.828729282,0.171270718
173,169,4,0,0,0,0,89,26,14,0,0,0,173,0,,0,0.976878613,0.023121387
181,157,24,0,0,0,0,85,52,39,0,6,120,55,0,,0,0.867403315,0.132596685
288,278,10,0,0,0,0,64,35,20,0,0,0,0,288,,0,0.965277778,0.034722222
274,183,89,2,0,0,0,137,64,44,1,0,141,124,8,,0,0.667883212,0.332116788
292,216,75,1,0,0,0,131,58,36,0,0,0,292,0,,0,0.739726027,0.260273973
283,227,54,2,0,0,0,118,54,37,0,0,122,161,0,,0,0.802120141,0.197879859
234,209,21,4,0,0,0,115,54,39,0,0,234,0,0,,0,0.893162393,0.106837607
103,80,23,0,0,0,0,87,58,36,0,0,25,78,0,,0,0.776699029,0.223300971
266,205,60,1,0,0,0,134,60,33,0,0,0,266,0,,0,0.770676692,0.229323308
249,237,12,0,0,0,0,64,44,24,0,0,0,249,0,,0,0.951807229,0.048192771
19,18,1,0,0,0,0,53,28,9,0,0,0,19,0,,0,0.947368421,0.052631579
248,209,38,1,0,0,0,132,56,29,0,0,0,248,0,,0,0.842741935,0.157258065
179,142,37,0,0,0,0,80,56,45,0,0,128,51,0,,0,0.793296089,0.206703911
174,141,33,0,0,0,0,77,61,43,0,0,174,0,0,,0,0.810344828,0.189655172
274,70,178,26,0,0,0,138,100,64,1,0,203,52,18,,0,0.255474453,0.744525547
176,160,16,0,0,0,0,57,50,22,0,0,0,176,0,,0,0.909090909,0.090909091
152,138,12,1,1,0,0,160,50,19,0,0,0,1,151,,0.006578947,0.907894737,0.085526316
180,151,29,0,0,0,0,84,54,44,0,0,180,0,0,,0,0.838888889,0.161111111
181,165,15,1,0,0,0,128,45,24,0,0,0,0,181,,0,0.91160221,0.08839779
274,137,135,2,0,0,0,112,74,51,1,0,232,38,3,,0,0.5,0.5
219,153,65,1,0,0,0,105,71,47,0,0,218,1,0,,0,0.698630137,0.301369863
273,240,33,0,0,0,0,92,52,34,0,0,114,159,0,,0,0.879120879,0.120879121
273,210,61,2,0,0,0,115,58,38,0,0,124,149,0,,0,0.769230769,0.230769231
274,234,36,4,0,0,0,119,58,40,94,0,180,0,0,,0,0.854014599,0.145985401
273,222,48,3,0,0,0,113,56,38,0,0,157,116,0,,0,0.813186813,0.186813187
274,226,44,4,0,0,0,123,56,38,1,0,152,121,0,,0,0.824817518,0.175182482
122,117,5,0,0,0,0,90,47,38,0,0,122,0,0,,0,0.959016393,0.040983607
274,226,47,1,0,0,0,115,55,39,1,0,143,130,0,,0,0.824817518,0.175182482
181,144,36,1,0,0,0,105,54,38,0,0,109,72,0,,0,0.79558011,0.20441989
180,128,51,1,0,0,0,108,60,40,2,37,74,67,0,,0,0.711111111,0.288888889
180,125,53,1,1,0,0,168,61,44,2,2,95,81,0,,0.005555556,0.694444444,0.3
178,130,45,3,0,0,0,123,61,42,0,0,112,66,0,,0,0.730337079,0.269662921
174,126,46,2,0,0,0,143,65,43,0,0,98,76,0,,0,0.724137931,0.275862069
182,136,45,1,0,0,0,133,57,41,1,66,49,66,0,,0,0.747252747,0.252747253
178,131,45,2,0,0,0,122,61,41,0,0,105,73,0,,0,0.735955056,0.264044944
235,173,57,5,0,0,0,122,66,43,0,0,167,68,0,,0,0.736170213,0.263829787
178,148,30,0,0,0,0,93,55,36,0,8,121,49,0,,0,0.831460674,0.168539326
145,134,7,2,2,0,0,161,49,37,0,0,145,0,0,,0.013793103,0.924137931,0.062068966
180,158,20,2,0,0,0,115,55,38,0,2,163,15,0,,0,0.877777778,0.122222222
179,139,39,0,1,0,0,154,59,40,0,0,105,74,0,,0.005586592,0.776536313,0.217877095
181,138,41,2,0,0,0,108,58,41,0,0,98,83,0,,0,0.762430939,0.237569061
180,112,68,0,0,0,0,71,62,45,2,47,0,131,0,,0,0.622222222,0.377777778
177,139,37,1,0,0,0,105,60,38,0,5,123,49,0,,0,0.785310734,0.214689266
274,65,196,10,2,1,0,228,87,59,1,5,150,49,69,,0.010948905,0.237226277,0.751824818
19,19,0,0,0,0,0,31,31,8,0,0,0,19,0,,0,1,0
18,17,1,0,0,0,0,53,47,16,0,0,0,18,0,,0,0.944444444,0.055555556
273,53,170,28,7,5,10,528,130,70,0,1,117,87,68,,0.080586081,0.194139194,0.725274725
273,128,127,18,0,0,0,143,90,51,0,1,270,2,0,,0,0.468864469,0.531135531
273,168,97,3,5,0,0,193,67,47,0,5,169,99,0,,0.018315018,0.615384615,0.366300366
19,17,2,0,0,0,0,65,52,11,0,0,0,19,0,,0,0.894736842,0.105263158
20,20,0,0,0,0,0,18,17,10,0,0,0,20,0,,0,1,0
268,213,37,9,7,1,1,321,82,19,0,0,0,0,268,,0.03358209,0.794776119,0.171641791
264,211,53,0,0,0,0,87,61,45,0,0,263,1,0,,0,0.799242424,0.200757576
273,159,113,1,0,0,0,104,77,49,0,1,270,0,2,,0,0.582417582,0.417582418
268,173,95,0,0,0,0,93,74,47,0,0,268,0,0,,0,0.645522388,0.354477612
273,198,73,2,0,0,0,107,61,46,0,0,244,29,0,,0,0.725274725,0.274725275
20,20,0,0,0,0,0,24,23,12,0,0,0,20,0,,0,1,0
268,264,4,0,0,0,0,52,29,14,0,0,0,268,0,,0,0.985074627,0.014925373
269,179,90,0,0,0,0,97,67,48,0,0,269,0,0,,0,0.665427509,0.334572491
273,184,84,5,0,0,0,136,64,39,0,0,103,170,0,,0,0.673992674,0.326007326
274,155,111,8,0,0,0,143,67,47,1,23,90,160,0,,0,0.565693431,0.434306569
263,233,29,1,0,0,0,108,52,39,0,0,254,9,0,,0,0.885931559,0.114068441
272,252,17,3,0,0,0,140,47,37,0,0,272,0,0,,0,0.926470588,0.073529412
274,168,97,9,0,0,0,140,70,44,1,0,138,135,0,,0,0.613138686,0.386861314
273,218,50,4,1,0,0,159,64,42,0,0,236,37,0,,0.003663004,0.798534799,0.197802198
266,257,9,0,0,0,0,87,45,36,0,0,266,0,0,,0,0.966165414,0.033834586
271,255,16,0,0,0,0,87,47,36,0,0,271,0,0,,0,0.94095941,0.05904059
273,162,111,0,0,0,0,99,64,44,0,0,0,273,0,,0,0.593406593,0.406593407
274,195,72,7,0,0,0,135,64,41,1,0,159,114,0,,0,0.711678832,0.288321168
1,1,0,0,0,0,0,31,31,31,0,0,0,1,0,,0,1,0
316,210,100,6,0,0,0,136,63,43,0,0,131,185,0,,0,0.664556962,0.335443038
262,240,21,1,0,0,0,115,50,37,0,0,262,0,0,,0,0.916030534,0.083969466
261,211,50,0,0,0,0,99,57,28,0,0,0,261,0,,0,0.808429119,0.191570881
273,217,52,4,0,0,0,125,58,39,0,0,187,86,0,,0,0.794871795,0.205128205
267,228,38,1,0,0,0,108,55,28,0,0,0,267,0,,0,0.853932584,0.146067416
264,256,8,0,0,0,0,80,45,35,0,0,264,0,0,,0,0.96969697,0.03030303
259,241,18,0,0,0,0,97,48,35,0,0,259,0,0,,0,0.930501931,0.069498069
317,209,102,5,1,0,0,154,64,44,44,25,120,128,0,,0.003154574,0.659305994,0.337539432
316,238,75,3,0,0,0,129,61,41,0,0,152,164,0,,0,0.753164557,0.246835443
273,226,41,6,0,0,0,136,59,39,0,0,203,70,0,,0,0.827838828,0.172161172
243,233,10,0,0,0,0,93,45,36,0,0,243,0,0,,0,0.958847737,0.041152263
273,219,51,3,0,0,0,143,60,40,0,0,202,71,0,,0,0.802197802,0.197802198
316,235,76,3,2,0,0,154,64,41,0,0,203,113,0,,0.006329114,0.743670886,0.25
238,218,20,0,0,0,0,74,49,38,0,0,238,0,0,,0,0.915966387,0.084033613
265,251,13,1,0,0,0,150,48,36,0,0,265,0,0,,0,0.947169811,0.052830189
273,215,53,5,0,0,0,136,58,41,0,0,196,77,0,,0,0.787545788,0.212454212
184,170,14,0,0,0,0,80,49,39,0,0,184,0,0,,0,0.923913043,0.076086957
197,185,12,0,0,0,0,90,48,38,0,0,178,19,0,,0,0.939086294,0.060913706
273,195,78,0,0,0,0,97,57,42,0,0,89,184,0,,0,0.714285714,0.285714286
184,177,7,0,0,0,0,77,47,37,0,0,184,0,0,,0,0.961956522,0.038043478
224,211,13,0,0,0,0,80,48,37,0,0,224,0,0,,0,0.941964286,0.058035714
184,174,10,0,0,0,0,77,47,39,0,0,184,0,0,,0,0.945652174,0.054347826
262,176,86,0,0,0,0,88,59,43,0,0,0,262,0,,0,0.671755725,0.328244275
273,188,85,0,0,0,0,74,56,44,0,0,90,182,1,,0,0.688644689,0.311355311
259,130,129,0,0,0,0,90,61,50,0,0,0,259,0,,0,0.501930502,0.498069498
273,194,79,0,0,0,0,77,57,43,0,0,95,176,2,,0,0.710622711,0.289377289
264,218,46,0,0,0,0,68,53,40,0,0,84,180,0,,0,0.825757576,0.174242424
243,150,93,0,0,0,0,90,66,46,0,1,111,131,0,,0,0.617283951,0.382716049
184,163,21,0,0,0,0,97,51,43,0,0,184,0,0,,0,0.885869565,0.114130435
177,162,15,0,0,0,0,87,50,40,0,0,177,0,0,,0,0.915254237,0.084745763
273,203,70,0,0,0,0,77,56,43,0,0,108,164,1,,0,0.743589744,0.256410256
202,177,25,0,0,0,0,87,58,44,0,0,184,18,0,,0,0.876237624,0.123762376
17,17,0,0,0,0,0,37,36,20,0,0,0,17,0,,0,1,0
273,209,64,0,0,0,0,84,56,42,0,0,79,194,0,,0,0.765567766,0.234432234
184,178,6,0,0,0,0,71,48,37,0,0,184,0,0,,0,0.967391304,0.032608696
181,159,22,0,0,0,0,87,54,41,0,0,181,0,0,,0,0.878453039,0.121546961
227,215,12,0,0,0,0,97,47,34,0,0,227,0,0,,0,0.947136564,0.052863436
258,258,0,0,0,0,0,50,41,28,0,0,183,0,75,,0,1,0
305,150,155,0,0,0,0,97,64,51,1,3,101,200,0,,0,0.491803279,0.508196721
269,207,61,1,0,0,0,102,55,35,0,0,0,269,0,,0,0.769516729,0.230483271
271,213,58,0,0,0,0,85,54,41,0,0,128,143,0,,0,0.78597786,0.21402214
273,209,62,2,0,0,0,121,55,41,0,0,61,212,0,,0,0.765567766,0.234432234
272,203,69,0,0,0,0,79,56,37,0,0,0,272,0,,0,0.746323529,0.253676471
176,167,9,0,0,0,0,74,47,38,0,0,176,0,0,,0,0.948863636,0.051136364
267,237,30,0,0,0,0,71,51,38,0,0,106,161,0,,0,0.887640449,0.112359551
182,172,10,0,0,0,0,74,47,39,0,0,182,0,0,,0,0.945054945,0.054945055
273,200,73,0,0,0,0,81,56,44,0,0,130,143,0,,0,0.732600733,0.267399267
273,227,46,0,0,0,0,87,53,38,0,0,95,178,0,,0,0.831501832,0.168498168
184,166,18,0,0,0,0,90,50,41,0,0,184,0,0,,0,0.902173913,0.097826087
273,181,92,0,0,0,0,73,58,44,0,0,96,177,0,,0,0.663003663,0.336996337
243,195,41,3,4,0,0,195,64,40,0,0,190,53,0,,0.016460905,0.802469136,0.181069959
243,177,54,4,7,1,0,285,76,40,0,0,166,77,0,,0.032921811,0.728395062,0.238683128
244,189,43,8,3,1,0,218,67,41,1,1,182,60,0,,0.016393443,0.774590164,0.209016393
239,175,53,4,7,0,0,192,84,39,0,0,157,82,0,,0.029288703,0.732217573,0.238493724
243,191,43,6,2,1,0,217,64,40,0,0,165,78,0,,0.012345679,0.78600823,0.201646091
243,192,45,4,2,0,0,197,67,41,0,0,189,54,0,,0.008230453,0.790123457,0.201646091
243,195,38,6,3,1,0,283,66,39,0,0,180,63,0,,0.016460905,0.802469136,0.181069959
243,194,38,7,3,1,0,242,67,40,0,0,189,54,0,,0.016460905,0.798353909,0.185185185
243,190,41,7,4,1,0,283,72,38,0,0,130,113,0,,0.020576132,0.781893004,0.197530864
296,195,100,1,0,0,0,129,63,43,0,0,147,149,0,,0,0.658783784,0.341216216
245,199,43,3,0,0,0,122,61,43,0,0,245,0,0,,0,0.812244898,0.187755102
269,216,53,0,0,0,0,75,55,33,0,0,0,269,0,,0,0.802973978,0.197026022
181,114,66,1,0,0,0,123,65,42,0,2,0,161,18,,0,0.629834254,0.370165746
273,91,177,4,1,0,0,151,77,55,0,0,69,204,0,,0.003663004,0.333333333,0.663003663
271,161,108,2,0,0,0,126,67,46,0,0,119,152,0,,0,0.594095941,0.405904059
272,196,73,3,0,0,0,119,61,43,0,0,147,125,0,,0,0.720588235,0.279411765
212,174,35,3,0,0,0,112,64,42,0,0,212,0,0,,0,0.820754717,0.179245283
46,46,0,0,0,0,0,31,24,12,0,0,0,0,46,,0,1,0
305,133,168,4,0,0,0,150,80,53,4,0,113,173,15,,0,0.436065574,0.563934426
211,175,33,3,0,0,0,119,61,41,0,0,211,0,0,,0,0.829383886,0.170616114
274,109,160,4,1,0,0,156,76,54,1,0,84,183,6,,0.003649635,0.397810219,0.598540146
245,203,41,1,0,0,0,129,61,42,0,0,245,0,0,,0,0.828571429,0.171428571
214,180,32,2,0,0,0,105,61,41,0,0,214,0,0,,0,0.841121495,0.158878505
274,88,173,12,1,0,0,154,74,54,1,3,88,182,0,,0.003649635,0.321167883,0.675182482
273,138,134,1,0,0,0,101,71,50,0,0,97,176,0,,0,0.505494505,0.494505495
214,180,32,1,1,0,0,159,54,40,0,0,214,0,0,,0.004672897,0.841121495,0.154205607
302,198,99,5,0,0,0,133,74,43,0,0,199,103,0,,0,0.655629139,0.344370861
273,192,81,0,0,0,0,90,61,43,0,0,147,126,0,,0,0.703296703,0.296703297
214,181,32,1,0,0,0,119,64,41,0,0,214,0,0,,0,0.845794393,0.154205607
237,207,29,1,0,0,0,119,54,39,0,0,237,0,0,,0,0.873417722,0.126582278
273,114,150,8,1,0,0,154,79,53,0,0,89,184,0,,0.003663004,0.417582418,0.578754579
213,165,43,5,0,0,0,112,71,43,0,0,213,0,0,,0,0.774647887,0.225352113
302,190,110,2,0,0,0,122,68,44,0,0,158,144,0,,0,0.629139073,0.370860927
300,208,90,2,0,0,0,126,68,43,0,0,187,113,0,,0,0.693333333,0.306666667
209,173,35,1,0,0,0,101,64,41,0,0,209,0,0,,0,0.827751196,0.172248804
273,163,106,4,0,0,0,129,67,47,0,0,114,159,0,,0,0.597069597,0.402930403
238,211,27,0,0,0,0,90,51,39,0,0,232,6,0,,0,0.886554622,0.113445378
245,190,53,2,0,0,0,150,71,43,0,0,245,0,0,,0,0.775510204,0.224489796
274,170,102,2,0,0,0,115,67,45,1,0,145,128,0,,0,0.620437956,0.379562044
273,160,111,1,0,1,0,238,64,45,0,0,0,266,7,,0.003663004,0.586080586,0.41025641
273,135,136,2,0,0,0,124,72,51,0,0,99,174,0,,0,0.494505495,0.505494505
304,196,105,3,0,0,0,126,68,44,0,0,154,150,0,,0,0.644736842,0.355263158
304,184,115,5,0,0,0,130,74,46,0,0,166,138,0,,0,0.605263158,0.394736842
272,178,87,7,0,0,0,126,71,44,0,0,172,100,0,,0,0.654411765,0.345588235
211,183,26,2,0,0,0,105,61,41,0,0,211,0,0,,0,0.867298578,0.132701422
244,208,35,1,0,0,0,108,58,39,0,0,244,0,0,,0,0.852459016,0.147540984
179,106,71,0,2,0,0,184,64,45,1,0,84,91,3,,0.011173184,0.592178771,0.396648045
214,167,45,2,0,0,0,115,61,44,0,0,214,0,0,,0,0.780373832,0.219626168
251,203,47,0,1,0,0,155,55,33,0,0,0,251,0,,0.003984064,0.80876494,0.187250996
272,146,123,3,0,0,0,130,67,49,0,0,136,136,0,,0,0.536764706,0.463235294
271,173,95,3,0,0,0,128,67,45,0,0,157,114,0,,0,0.638376384,0.361623616
211,169,42,0,0,0,0,97,58,43,0,0,211,0,0,,0,0.800947867,0.199052133
272,154,117,0,1,0,0,164,71,49,0,0,157,115,0,,0.003676471,0.566176471,0.430147059
20,18,2,0,0,0,0,58,52,29,0,0,0,20,0,,0,0.9,0.1
269,184,83,2,0,0,0,141,58,38,0,0,0,269,0,,0,0.68401487,0.31598513
210,162,48,0,0,0,0,97,64,44,0,0,210,0,0,,0,0.771428571,0.228571429
214,157,51,5,1,0,0,169,74,45,0,0,214,0,0,,0.004672897,0.73364486,0.261682243
123,110,13,0,0,0,0,87,51,40,0,0,123,0,0,,0,0.894308943,0.105691057
228,178,49,1,0,0,0,126,67,43,0,0,228,0,0,,0,0.780701754,0.219298246
274,132,135,6,0,0,1,459,74,51,1,5,127,138,3,,0.003649635,0.481751825,0.51459854
222,178,42,2,0,0,0,105,61,43,0,0,222,0,0,,0,0.801801802,0.198198198
273,145,126,1,0,0,1,305,66,49,0,0,71,192,10,,0.003663004,0.531135531,0.465201465
273,158,112,3,0,0,0,140,64,48,0,0,116,157,0,,0,0.578754579,0.421245421
211,152,57,2,0,0,0,138,57,42,0,0,69,142,0,,0,0.720379147,0.279620853
274,126,147,0,0,0,1,508,77,51,1,0,126,143,4,,0.003649635,0.459854015,0.53649635
273,179,92,1,1,0,0,168,62,44,0,0,160,113,0,,0.003663004,0.655677656,0.340659341
181,161,20,0,0,0,0,68,52,25,0,0,0,181,0,,0,0.889502762,0.110497238
180,169,11,0,0,0,0,90,46,27,0,0,57,123,0,,0,0.938888889,0.061111111
181,175,6,0,0,0,0,69,40,25,0,0,47,134,0,,0,0.966850829,0.033149171
181,146,35,0,0,0,0,75,55,24,0,0,0,181,0,,0,0.806629834,0.193370166
181,169,12,0,0,0,0,58,43,22,0,0,0,181,0,,0,0.933701657,0.066298343
180,120,60,0,0,0,0,86,69,34,0,0,0,180,0,,0,0.666666667,0.333333333
181,128,53,0,0,0,0,93,60,26,0,0,0,181,0,,0,0.70718232,0.29281768
181,134,47,0,0,0,0,80,66,42,0,0,55,126,0,,0,0.740331492,0.259668508
181,157,24,0,0,0,0,77,55,22,0,0,0,181,0,,0,0.867403315,0.132596685
181,138,42,1,0,0,0,109,61,31,0,0,0,181,0,,0,0.762430939,0.237569061
181,129,52,0,0,0,0,83,66,32,0,0,0,181,0,,0,0.712707182,0.287292818
180,149,30,1,0,0,0,105,66,24,0,0,0,180,0,,0,0.827777778,0.172222222
181,117,60,4,0,0,0,117,64,42,0,0,46,135,0,,0,0.64640884,0.35359116
181,153,28,0,0,0,0,89,56,24,0,0,0,181,0,,0,0.845303867,0.154696133
181,154,27,0,0,0,0,85,54,34,0,0,57,124,0,,0,0.850828729,0.149171271
182,150,32,0,0,0,0,87,55,38,1,0,114,67,0,,0,0.824175824,0.175824176
181,144,37,0,0,0,0,79,57,39,0,0,52,129,0,,0,0.79558011,0.20441989
181,168,13,0,0,0,0,70,42,22,0,0,0,181,0,,0,0.928176796,0.071823204
181,165,16,0,0,0,0,62,48,23,0,0,0,181,0,,0,0.91160221,0.08839779
181,168,13,0,0,0,0,65,42,23,0,0,0,181,0,,0,0.928176796,0.071823204
182,154,28,0,0,0,0,88,54,36,1,0,108,73,0,,0,0.846153846,0.153846154
260,192,68,0,0,0,0,100,61,42,33,0,166,61,0,,0,0.738461538,0.261538462
182,94,86,2,0,0,0,129,80,49,1,0,89,92,0,,0,0.516483516,0.483516484
210,143,67,0,0,0,0,93,61,42,0,0,99,111,0,,0,0.680952381,0.319047619
212,115,96,1,0,0,0,131,70,47,0,1,85,126,0,,0,0.54245283,0.45754717
212,139,71,2,0,0,0,122,65,44,0,0,116,96,0,,0,0.655660377,0.344339623
210,151,58,1,0,0,0,115,63,41,0,0,129,81,0,,0,0.719047619,0.280952381
199,154,45,0,0,0,0,87,56,39,0,2,116,81,0,,0,0.773869347,0.226130653
208,182,24,2,0,0,0,133,58,35,0,41,167,0,0,,0,0.875,0.125
269,209,59,1,0,0,0,115,58,37,58,1,103,107,0,,0,0.776951673,0.223048327
242,173,68,1,0,0,0,101,63,43,0,0,172,70,0,,0,0.714876033,0.285123967
210,145,63,1,1,0,0,157,64,44,0,0,112,98,0,,0.004761905,0.69047619,0.304761905
212,144,68,0,0,0,0,86,63,37,0,0,0,212,0,,0,0.679245283,0.320754717
212,132,80,0,0,0,0,93,64,44,0,0,86,126,0,,0,0.622641509,0.377358491
212,139,70,2,1,0,0,153,66,44,0,0,81,131,0,,0.004716981,0.655660377,0.339622642
243,230,13,0,0,0,0,84,48,38,0,0,243,0,0,,0,0.946502058,0.053497942
274,223,51,0,0,0,0,99,58,31,64,7,54,149,0,,0,0.813868613,0.186131387
212,163,49,0,0,0,0,93,58,41,0,0,141,71,0,,0,0.768867925,0.231132075
157,146,11,0,0,0,0,77,47,37,0,0,157,0,0,,0,0.929936306,0.070063694
212,163,48,1,0,0,0,105,58,41,0,0,136,76,0,,0,0.768867925,0.231132075
212,143,68,1,0,0,0,122,61,42,0,0,114,98,0,,0,0.674528302,0.325471698
268,214,54,0,0,0,0,90,58,36,56,15,139,58,0,,0,0.798507463,0.201492537
210,126,82,2,0,0,0,119,72,46,0,0,101,109,0,,0,0.6,0.4
212,132,78,2,0,0,0,108,65,44,0,0,97,115,0,,0,0.622641509,0.377358491
208,146,61,1,0,0,0,115,67,42,0,0,114,94,0,,0,0.701923077,0.298076923
207,152,54,1,0,0,0,105,62,43,0,0,115,92,0,,0,0.734299517,0.265700483
243,189,51,3,0,0,0,115,63,41,0,0,190,53,0,,0,0.777777778,0.222222222
179,167,12,0,0,0,0,97,47,35,0,0,179,0,0,,0,0.932960894,0.067039106
212,152,59,1,0,0,0,133,62,41,0,0,109,103,0,,0,0.716981132,0.283018868
212,150,61,1,0,0,0,122,62,39,0,3,102,107,0,,0,0.70754717,0.29245283
182,94,83,5,0,0,0,147,71,50,1,4,77,100,0,,0,0.516483516,0.483516484
243,229,14,0,0,0,0,93,46,37,0,0,243,0,0,,0,0.942386831,0.057613169
158,136,22,0,0,0,0,58,52,22,0,0,0,158,0,,0,0.860759494,0.139240506
212,167,45,0,0,0,0,97,58,40,0,0,134,78,0,,0,0.787735849,0.212264151
212,151,61,0,0,0,0,100,60,42,0,0,109,103,0,,0,0.712264151,0.287735849
207,153,53,1,0,0,0,126,61,39,0,0,121,86,0,,0,0.739130435,0.260869565
207,172,35,0,0,0,0,79,54,26,0,0,0,207,0,,0,0.830917874,0.169082126
212,139,72,1,0,0,0,101,66,45,0,1,116,95,0,,0,0.655660377,0.344339623
113,100,11,2,0,0,0,102,54,29,0,0,0,113,0,,0,0.884955752,0.115044248
157,148,9,0,0,0,0,63,29,3,100,0,0,57,0,,0,0.942675159,0.057324841
175,113,62,0,0,0,0,93,60,44,0,0,0,158,17,,0,0.645714286,0.354285714
56,48,8,0,0,0,0,65,59,29,0,0,0,56,0,,0,0.857142857,0.142857143
28,28,0,0,0,0,0,40,38,18,0,0,0,0,28,,0,1,0
57,49,8,0,0,0,0,66,59,30,0,0,0,57,0,,0,0.859649123,0.140350877
163,158,1,2,0,1,1,350,28,12,0,0,163,0,0,,0.012269939,0.969325153,0.018404908
121,110,11,0,0,0,0,67,41,5,61,0,0,60,0,,0,0.909090909,0.090909091
240,217,23,0,0,0,0,90,50,35,0,0,133,107,0,,0,0.904166667,0.095833333
249,173,75,0,1,0,0,196,61,40,1,8,16,218,6,,0.004016064,0.694779116,0.301204819
243,184,55,4,0,0,0,129,66,42,0,0,152,91,0,,0,0.757201646,0.242798354
229,204,25,0,0,0,0,71,51,39,0,0,229,0,0,,0,0.890829694,0.109170306
229,206,23,0,0,0,0,84,51,41,0,0,229,0,0,,0,0.899563319,0.100436681
230,212,18,0,0,0,0,84,49,36,0,0,230,0,0,,0,0.92173913,0.07826087
273,161,111,1,0,0,0,105,59,47,0,0,100,172,1,,0,0.58974359,0.41025641
273,167,105,1,0,0,0,103,59,46,0,0,83,190,0,,0,0.611721612,0.388278388
221,193,28,0,0,0,0,97,51,42,0,0,221,0,0,,0,0.873303167,0.126696833
273,186,87,0,0,0,0,98,58,44,0,0,95,178,0,,0,0.681318681,0.318681319
269,173,96,0,0,0,0,99,58,44,0,0,0,269,0,,0,0.643122677,0.356877323
273,147,126,0,0,0,0,93,64,48,0,0,128,145,0,,0,0.538461538,0.461538462
273,218,52,1,2,0,0,170,57,41,0,0,140,133,0,,0.007326007,0.798534799,0.194139194
274,157,117,0,0,0,0,83,60,48,1,1,106,166,0,,0,0.572992701,0.427007299
273,143,130,0,0,0,0,93,62,49,0,0,108,165,0,,0,0.523809524,0.476190476
269,206,63,0,0,0,0,93,60,44,0,0,176,93,0,,0,0.765799257,0.234200743
181,96,82,2,1,0,0,154,73,48,0,0,44,136,1,,0.005524862,0.53038674,0.464088398
178,155,23,0,0,0,0,84,54,25,0,0,0,144,34,,0,0.870786517,0.129213483
167,138,29,0,0,0,0,74,57,37,0,0,106,61,0,,0,0.826347305,0.173652695
179,147,30,1,1,0,0,154,57,33,0,0,79,92,8,,0.005586592,0.82122905,0.173184358
181,131,50,0,0,0,0,87,61,46,0,0,128,53,0,,0,0.723756906,0.276243094
179,169,10,0,0,0,0,88,41,14,0,0,0,179,0,,0,0.944134078,0.055865922
181,142,39,0,0,0,0,77,54,44,0,0,102,79,0,,0,0.784530387,0.215469613
181,172,9,0,0,0,0,71,49,42,0,0,171,0,10,,0,0.950276243,0.049723757
182,150,31,1,0,0,0,115,58,36,1,0,147,32,2,,0,0.824175824,0.175824176
181,143,37,1,0,0,0,107,60,31,0,2,0,118,61,,0,0.790055249,0.209944751
122,111,10,1,0,0,0,105,50,42,0,0,122,0,0,,0,0.909836066,0.090163934
224,156,67,1,0,0,0,101,58,46,0,0,115,109,0,,0,0.696428571,0.303571429
241,232,9,0,0,0,0,100,46,36,0,0,241,0,0,,0,0.962655602,0.037344398
274,142,131,1,0,0,0,136,64,50,1,4,105,164,0,,0,0.518248175,0.481751825
237,226,11,0,0,0,0,84,47,35,0,0,237,0,0,,0,0.953586498,0.046413502
180,143,37,0,0,0,0,72,55,34,0,0,0,180,0,,0,0.794444444,0.205555556
181,116,63,2,0,0,0,141,61,45,0,0,57,124,0,,0,0.640883978,0.359116022
122,108,14,0,0,0,0,93,51,42,0,0,122,0,0,,0,0.885245902,0.114754098
273,167,105,0,1,0,0,156,60,46,0,0,72,201,0,,0.003663004,0.611721612,0.384615385
172,139,33,0,0,0,0,68,53,34,0,0,0,172,0,,0,0.808139535,0.191860465
181,148,33,0,0,0,0,100,55,41,0,0,71,110,0,,0,0.817679558,0.182320442
181,144,37,0,0,0,0,68,54,33,0,0,0,181,0,,0,0.79558011,0.20441989
174,148,26,0,0,0,0,74,55,34,0,0,0,174,0,,0,0.850574713,0.149425287
173,134,39,0,0,0,0,71,57,37,0,0,0,173,0,,0,0.774566474,0.225433526
176,149,27,0,0,0,0,69,54,31,0,0,0,176,0,,0,0.846590909,0.153409091
175,155,20,0,0,0,0,66,52,30,0,0,0,175,0,,0,0.885714286,0.114285714
176,148,28,0,0,0,0,68,53,29,0,0,0,176,0,,0,0.840909091,0.159090909
223,211,12,0,0,0,0,84,48,41,0,0,223,0,0,,0,0.946188341,0.053811659
182,117,65,0,0,0,0,90,61,45,1,0,103,76,2,,0,0.642857143,0.357142857
181,143,38,0,0,0,0,90,57,42,0,0,91,90,0,,0,0.790055249,0.209944751
177,126,50,1,0,0,0,119,59,44,0,0,83,94,0,,0,0.711864407,0.288135593
122,108,14,0,0,0,0,80,51,40,0,0,122,0,0,,0,0.885245902,0.114754098
120,107,13,0,0,0,0,77,51,39,0,0,120,0,0,,0,0.891666667,0.108333333
157,91,66,0,0,0,0,92,71,45,0,0,0,157,0,,0,0.579617834,0.420382166
243,149,90,4,0,0,0,140,65,47,0,0,140,103,0,,0,0.613168724,0.386831276
244,97,142,5,0,0,0,122,77,53,1,2,85,151,5,,0,0.397540984,0.602459016
241,138,102,1,0,0,0,107,59,47,0,0,0,241,0,,0,0.572614108,0.427385892
243,206,35,2,0,0,0,122,61,33,0,6,219,18,0,,0,0.847736626,0.152263374
224,142,82,0,0,0,0,78,60,43,0,0,0,224,0,,0,0.633928571,0.366071429
255,176,78,0,1,0,0,164,69,44,0,0,173,82,0,,0.003921569,0.690196078,0.305882353
243,77,161,5,0,0,0,139,76,55,0,0,35,208,0,,0,0.316872428,0.683127572
209,176,26,6,1,0,0,151,67,39,0,0,209,0,0,,0.004784689,0.842105263,0.153110048
20,16,4,0,0,0,0,75,67,24,0,0,0,20,0,,0,0.8,0.2
212,87,120,4,0,0,1,304,70,53,0,4,75,132,1,,0.004716981,0.410377358,0.58490566
212,132,75,4,1,0,0,163,72,47,0,0,134,78,0,,0.004716981,0.622641509,0.372641509
243,157,84,0,2,0,0,183,62,43,0,0,0,243,0,,0.008230453,0.646090535,0.345679012
244,31,155,28,12,6,12,2122,158,74,1,2,78,49,114,,0.12295082,0.12704918,0.75
210,195,15,0,0,0,0,84,50,33,0,4,206,0,0,,0,0.928571429,0.071428571
243,132,105,4,2,0,0,179,67,48,0,0,117,126,0,,0.008230453,0.543209877,0.448559671
243,216,26,1,0,0,0,115,51,36,0,0,243,0,0,,0,0.888888889,0.111111111
274,24,223,20,7,0,0,172,100,63,1,1,81,172,19,,0.025547445,0.087591241,0.886861314
243,151,92,0,0,0,0,100,59,45,0,0,78,165,0,,0,0.621399177,0.378600823
243,88,151,4,0,0,0,140,74,54,0,0,38,197,8,,0,0.362139918,0.637860082
205,180,24,1,0,0,0,119,54,37,0,0,205,0,0,,0,0.87804878,0.12195122
209,198,11,0,0,0,0,93,48,33,0,15,194,0,0,,0,0.947368421,0.052631579
243,103,140,0,0,0,0,93,64,52,0,0,61,182,0,,0,0.423868313,0.576131687
203,186,16,1,0,0,0,101,50,34,0,0,203,0,0,,0,0.916256158,0.083743842
234,234,0,0,0,0,0,32,13,4,0,234,0,0,0,,0,1,0
212,135,75,2,0,0,0,126,61,45,0,4,73,135,0,,0,0.636792453,0.363207547
120,62,57,1,0,0,0,107,74,49,0,0,0,120,0,,0,0.516666667,0.483333333
237,213,22,1,1,0,0,167,52,25,0,0,0,237,0,,0.004219409,0.898734177,0.097046414
237,142,95,0,0,0,0,90,66,41,0,0,0,237,0,,0,0.599156118,0.400843882
244,106,135,3,0,0,0,142,67,52,4,0,70,170,0,,0,0.43442623,0.56557377
241,74,160,7,0,0,0,133,67,55,0,0,62,179,0,,0,0.307053942,0.692946058
210,122,87,1,0,0,0,107,63,48,0,0,105,105,0,,0,0.580952381,0.419047619
243,85,150,8,0,0,0,137,80,55,0,0,46,194,3,,0,0.349794239,0.650205761
243,137,106,0,0,0,0,71,58,47,0,0,58,185,0,,0,0.563786008,0.436213992
200,177,23,0,0,0,0,93,51,36,0,0,200,0,0,,0,0.885,0.115
223,211,11,1,0,0,0,105,44,33,0,0,223,0,0,,0,0.946188341,0.053811659
228,213,15,0,0,0,0,85,41,16,0,0,0,228,0,,0,0.934210526,0.065789474
239,193,46,0,0,0,0,97,64,42,0,0,239,0,0,,0,0.807531381,0.192468619
192,184,6,2,0,0,0,108,45,31,0,0,192,0,0,,0,0.958333333,0.041666667
243,224,19,0,0,0,0,93,50,35,0,8,235,0,0,,0,0.9218107,0.0781893
213,67,137,8,1,0,0,162,79,56,1,1,67,144,0,,0.004694836,0.314553991,0.680751174
244,100,142,2,0,0,0,126,71,53,1,1,72,167,3,,0,0.409836066,0.590163934
238,218,20,0,0,0,0,97,49,31,0,0,238,0,0,,0,0.915966387,0.084033613
244,126,116,2,0,0,0,115,71,48,1,0,108,132,3,,0,0.516393443,0.483606557
241,241,0,0,0,0,0,41,17,7,0,241,0,0,0,,0,1,0
305,183,121,1,0,0,0,105,71,48,0,1,271,29,4,,0,0.6,0.4
304,186,118,0,0,0,0,87,64,46,0,0,235,69,0,,0,0.611842105,0.388157895
272,171,99,2,0,0,0,108,71,47,0,0,256,16,0,,0,0.628676471,0.371323529
304,181,116,7,0,0,0,119,80,48,0,11,246,43,4,,0,0.595394737,0.404605263
303,180,121,2,0,0,0,112,77,47,0,0,193,90,20,,0,0.594059406,0.405940594
20,20,0,0,0,0,0,16,9,4,0,0,0,20,0,,0,1,0
303,187,116,0,0,0,0,93,64,47,0,0,205,98,0,,0,0.617161716,0.382838284
303,212,90,1,0,0,0,105,64,46,0,1,262,40,0,,0,0.699669967,0.300330033
305,113,177,14,1,0,0,175,90,54,1,6,204,83,11,,0.003278689,0.370491803,0.626229508
219,143,75,1,0,0,0,108,67,46,0,0,219,0,0,,0,0.652968037,0.347031963
304,214,89,1,0,0,0,101,67,45,0,0,256,48,0,,0,0.703947368,0.296052632
304,178,122,4,0,0,0,126,77,48,0,1,285,18,0,,0,0.585526316,0.414473684
304,164,139,1,0,0,0,109,75,49,0,3,197,101,3,,0,0.539473684,0.460526316
304,179,124,1,0,0,0,105,74,48,0,0,239,65,0,,0,0.588815789,0.411184211
304,216,88,0,0,0,0,97,64,45,0,0,285,19,0,,0,0.710526316,0.289473684
18,18,0,0,0,0,0,19,8,4,0,0,0,18,0,,0,1,0
305,187,116,2,0,0,0,119,77,47,1,6,258,36,4,,0,0.613114754,0.386885246
181,150,31,0,0,0,0,93,54,39,0,0,147,34,0,,0,0.828729282,0.171270718
182,166,14,2,0,0,0,108,49,40,1,0,161,20,0,,0,0.912087912,0.087912088
180,142,38,0,0,0,0,92,57,38,0,0,124,56,0,,0,0.788888889,0.211111111
20,20,0,0,0,0,0,46,33,12,0,0,0,20,0,,0,1,0
20,20,0,0,0,0,0,37,29,18,0,0,0,20,0,,0,1,0
271,211,60,0,0,0,0,77,58,41,0,0,117,154,0,,0,0.778597786,0.221402214
283,240,41,2,0,0,0,140,56,40,0,24,216,43,0,,0,0.848056537,0.151943463
97,76,21,0,0,0,0,61,55,33,0,0,0,97,0,,0,0.783505155,0.216494845
212,204,8,0,0,0,0,74,46,37,0,0,212,0,0,,0,0.962264151,0.037735849
45,45,0,0,0,0,0,19,17,9,0,0,0,0,45,,0,1,0
272,241,30,1,0,0,0,101,51,38,0,0,143,129,0,,0,0.886029412,0.113970588
272,210,62,0,0,0,0,80,56,42,0,0,110,162,0,,0,0.772058824,0.227941176
274,205,68,1,0,0,0,124,64,44,1,15,145,113,0,,0,0.748175182,0.251824818
214,208,6,0,0,0,0,77,44,36,0,0,214,0,0,,0,0.971962617,0.028037383
284,200,84,0,0,0,0,85,62,42,0,0,112,172,0,,0,0.704225352,0.295774648
237,219,18,0,0,0,0,80,49,39,0,0,237,0,0,,0,0.924050633,0.075949367
274,221,52,1,0,0,0,105,53,41,1,1,149,123,0,,0,0.806569343,0.193430657
214,206,8,0,0,0,0,77,46,37,0,0,214,0,0,,0,0.962616822,0.037383178
283,207,76,0,0,0,0,85,56,41,0,0,147,136,0,,0,0.731448763,0.268551237
33,33,0,0,0,0,0,15,12,6,0,0,0,0,33,,0,1,0
273,207,65,1,0,0,0,120,61,43,0,1,165,107,0,,0,0.758241758,0.241758242
95,80,15,0,0,0,0,69,53,30,0,0,0,95,0,,0,0.842105263,0.157894737
238,197,41,0,0,0,0,87,59,41,0,0,146,92,0,,0,0.827731092,0.172268908
274,232,42,0,0,0,0,94,53,33,2,17,0,255,0,,0,0.846715328,0.153284672
222,215,7,0,0,0,0,67,45,35,0,0,222,0,0,,0,0.968468468,0.031531532
272,256,16,0,0,0,0,87,48,38,0,2,270,0,0,,0,0.941176471,0.058823529
284,224,60,0,0,0,0,77,54,36,1,50,0,233,0,,0,0.788732394,0.211267606
274,221,53,0,0,0,0,80,56,39,1,2,131,140,0,,0,0.806569343,0.193430657
232,224,8,0,0,0,0,67,45,35,0,0,213,19,0,,0,0.965517241,0.034482759
273,210,63,0,0,0,0,80,58,41,0,9,129,135,0,,0,0.769230769,0.230769231
98,78,20,0,0,0,0,76,55,30,0,0,0,98,0,,0,0.795918367,0.204081633
268,255,13,0,0,0,0,77,48,38,0,0,267,0,1,,0,0.951492537,0.048507463
214,206,7,1,0,0,0,101,47,39,0,0,214,0,0,,0,0.962616822,0.037383178
273,216,57,0,0,0,0,98,54,34,0,0,0,273,0,,0,0.791208791,0.208791209
208,194,14,0,0,0,0,77,48,40,0,0,208,0,0,,0,0.932692308,0.067307692
226,214,12,0,0,0,0,68,42,19,0,0,0,226,0,,0,0.946902655,0.053097345
240,177,61,1,1,0,0,151,65,35,0,0,0,240,0,,0.004166667,0.7375,0.258333333
243,216,27,0,0,0,0,68,51,35,0,0,101,108,34,,0,0.888888889,0.111111111
243,212,31,0,0,0,0,74,52,27,0,0,0,243,0,,0,0.872427984,0.127572016
243,215,28,0,0,0,0,60,52,26,0,0,6,237,0,,0,0.884773663,0.115226337
243,217,26,0,0,0,0,80,51,31,0,0,108,135,0,,0,0.893004115,0.106995885
243,226,17,0,0,0,0,68,47,37,0,0,206,37,0,,0,0.930041152,0.069958848
190,174,16,0,0,0,0,72,46,21,0,0,0,190,0,,0,0.915789474,0.084210526
238,223,15,0,0,0,0,61,44,22,0,0,0,238,0,,0,0.93697479,0.06302521
243,233,10,0,0,0,0,80,38,18,0,0,0,243,0,,0,0.958847737,0.041152263
243,218,25,0,0,0,0,76,51,26,0,0,0,243,0,,0,0.897119342,0.102880658
243,238,5,0,0,0,0,76,36,19,0,0,0,243,0,,0,0.979423868,0.020576132
230,222,8,0,0,0,0,59,36,19,0,0,0,230,0,,0,0.965217391,0.034782609
243,164,79,0,0,0,0,90,61,43,0,7,98,138,0,,0,0.674897119,0.325102881
236,227,9,0,0,0,0,58,39,21,0,0,0,236,0,,0,0.961864407,0.038135593
243,206,37,0,0,0,0,81,54,22,0,0,0,243,0,,0,0.847736626,0.152263374
19,16,3,0,0,0,0,55,53,14,0,0,0,19,0,,0,0.842105263,0.157894737
209,195,14,0,0,0,0,74,42,18,0,0,0,209,0,,0,0.933014354,0.066985646
243,225,18,0,0,0,0,67,41,21,0,0,0,243,0,,0,0.925925926,0.074074074
238,178,60,0,0,0,0,86,58,31,0,0,0,238,0,,0,0.74789916,0.25210084
243,243,0,0,0,0,0,39,24,15,0,0,0,243,0,,0,1,0
243,185,58,0,0,0,0,100,58,44,0,1,150,92,0,,0,0.761316872,0.238683128
241,234,7,0,0,0,0,55,35,22,0,0,0,241,0,,0,0.970954357,0.029045643
243,168,75,0,0,0,0,87,62,41,0,0,0,243,0,,0,0.691358025,0.308641975
243,172,71,0,0,0,0,71,58,42,0,0,97,145,1,,0,0.70781893,0.29218107
243,197,45,1,0,0,0,119,57,27,0,0,0,221,22,,0,0.810699588,0.189300412
161,158,3,0,0,0,0,52,44,26,0,0,57,104,0,,0,0.98136646,0.01863354
243,209,34,0,0,0,0,80,54,25,0,0,0,143,100,,0,0.860082305,0.139917695
237,229,8,0,0,0,0,58,43,30,0,0,94,143,0,,0,0.966244726,0.033755274
243,228,15,0,0,0,0,97,41,20,0,0,0,243,0,,0,0.938271605,0.061728395
243,197,46,0,0,0,0,87,58,34,0,0,0,211,32,,0,0.810699588,0.189300412
127,103,24,0,0,0,0,77,58,40,0,0,93,34,0,,0,0.811023622,0.188976378
159,126,33,0,0,0,0,75,56,35,0,0,0,159,0,,0,0.79245283,0.20754717
181,134,47,0,0,0,0,92,58,41,0,0,73,108,0,,0,0.740331492,0.259668508
121,108,13,0,0,0,0,77,51,42,0,0,121,0,0,,0,0.892561983,0.107438017
181,135,45,1,0,0,0,101,59,42,0,0,73,108,0,,0,0.745856354,0.254143646
60,44,16,0,0,0,0,68,55,32,0,0,0,60,0,,0,0.733333333,0.266666667
181,144,37,0,0,0,0,69,55,40,0,0,77,104,0,,0,0.79558011,0.20441989
59,43,16,0,0,0,0,70,57,34,0,0,0,59,0,,0,0.728813559,0.271186441
154,98,56,0,0,0,0,81,63,41,0,0,0,154,0,,0,0.636363636,0.363636364
129,102,26,1,0,0,0,105,63,43,0,0,100,29,0,,0,0.790697674,0.209302326
135,106,29,0,0,0,0,97,56,42,0,0,97,38,0,,0,0.785185185,0.214814815
241,227,14,0,0,0,0,71,47,38,0,0,241,0,0,,0,0.941908714,0.058091286
139,116,23,0,0,0,0,77,55,39,0,0,106,33,0,,0,0.834532374,0.165467626
181,155,23,2,1,0,0,188,58,39,0,0,138,43,0,,0.005524862,0.856353591,0.138121547
181,143,36,1,1,0,0,154,58,37,0,0,62,119,0,,0.005524862,0.790055249,0.20441989
91,77,13,1,0,0,0,108,54,42,0,0,91,0,0,,0,0.846153846,0.153846154
181,130,50,1,0,0,0,136,61,40,0,0,60,121,0,,0,0.718232044,0.281767956
182,139,42,1,0,0,0,137,61,39,1,0,134,46,1,,0,0.763736264,0.236263736
91,78,13,0,0,0,0,93,58,40,0,0,91,0,0,,0,0.857142857,0.142857143
181,141,37,2,1,0,0,159,59,38,0,0,59,122,0,,0.005524862,0.779005525,0.215469613
92,84,8,0,0,0,0,80,50,39,0,0,92,0,0,,0,0.913043478,0.086956522
177,141,33,2,1,0,0,155,61,41,0,0,129,48,0,,0.005649718,0.796610169,0.197740113
181,131,49,1,0,0,0,119,65,37,0,0,0,181,0,,0,0.723756906,0.276243094
150,114,34,2,0,0,0,110,62,29,0,0,0,150,0,,0,0.76,0.24
92,76,15,1,0,0,0,105,54,41,0,0,92,0,0,,0,0.826086957,0.173913043
181,142,34,5,0,0,0,128,64,40,0,0,103,78,0,,0,0.784530387,0.215469613
92,80,12,0,0,0,0,87,67,41,0,0,92,0,0,,0,0.869565217,0.130434783
92,81,11,0,0,0,0,90,54,40,0,0,92,0,0,,0,0.880434783,0.119565217
92,81,11,0,0,0,0,80,54,37,0,0,92,0,0,,0,0.880434783,0.119565217
180,144,34,2,0,0,0,113,59,36,0,0,62,118,0,,0,0.8,0.2
182,126,51,5,0,0,0,129,67,41,1,12,57,105,7,,0,0.692307692,0.307692308
121,91,28,2,0,0,0,114,60,31,0,0,0,121,0,,0,0.752066116,0.247933884
181,142,38,0,1,0,0,152,58,38,0,0,60,121,0,,0.005524862,0.784530387,0.209944751
181,146,31,4,0,0,0,140,61,35,0,0,71,110,0,,0,0.806629834,0.193370166
92,77,12,3,0,0,0,122,67,41,0,0,92,0,0,,0,0.836956522,0.163043478
92,67,25,0,0,0,0,93,64,42,0,0,92,0,0,,0,0.72826087,0.27173913
181,144,36,1,0,0,0,119,57,34,0,0,68,112,1,,0,0.79558011,0.20441989
92,77,14,1,0,0,0,101,67,41,0,0,92,0,0,,0,0.836956522,0.163043478
243,227,16,0,0,0,0,97,48,37,0,0,243,0,0,,0,0.934156379,0.065843621
92,80,11,1,0,0,0,105,54,41,0,0,92,0,0,,0,0.869565217,0.130434783
92,69,21,2,0,0,0,112,67,44,0,0,92,0,0,,0,0.75,0.25
181,131,47,3,0,0,0,115,61,41,0,0,61,119,1,,0,0.723756906,0.276243094
243,126,114,3,0,0,0,144,74,50,0,0,209,2,32,,0,0.518518519,0.481481481
181,140,41,0,0,0,0,99,58,43,0,0,134,5,42,,0,0.773480663,0.226519337
181,181,0,0,0,0,0,30,18,7,0,181,0,0,0,,0,1,0
182,172,10,0,0,0,0,61,49,41,1,1,172,0,8,,0,0.945054945,0.054945055
212,130,82,0,0,0,0,100,66,48,0,0,149,63,0,,0,0.613207547,0.386792453
180,163,17,0,0,0,0,84,50,42,0,1,175,0,4,,0,0.905555556,0.094444444
182,127,54,1,0,0,0,108,67,47,1,1,171,9,0,,0,0.697802198,0.302197802
181,177,4,0,0,0,0,77,23,10,0,0,0,0,181,,0,0.977900552,0.022099448
181,155,26,0,0,0,0,71,55,44,0,0,172,9,0,,0,0.856353591,0.143646409
198,197,1,0,0,0,0,61,27,14,0,0,0,198,0,,0,0.994949495,0.005050505
179,157,14,2,3,2,1,406,59,14,0,0,0,0,179,,0.033519553,0.877094972,0.089385475
175,148,27,0,0,0,0,70,53,33,0,3,47,123,2,,0,0.845714286,0.154285714
242,165,76,1,0,0,0,101,67,47,0,0,240,2,0,,0,0.681818182,0.318181818
212,149,59,4,0,0,0,115,64,45,0,0,164,30,18,,0,0.702830189,0.297169811
226,179,47,0,0,0,0,84,58,45,2,0,221,3,0,,0,0.792035398,0.207964602
87,87,0,0,0,0,0,50,21,10,0,0,0,0,87,,0,1,0
202,198,4,0,0,0,0,59,23,10,0,0,0,202,0,,0,0.98019802,0.01980198
